straeto_rauntimagogn_2025-04-04_15-34-23.xml,fa40f18a904b7694eecb9fb6782fd7baacbe0163a01835e72fa5cc4d92b2e2ff
straeto_rauntimagogn_2025-04-04_15-34-34.xml,4ea9c0f14a64403266aa1266495f0f18dc5c0093ee90c556cb8b392294f7fb87
straeto_rauntimagogn_2025-04-04_17-25-14.xml,9143cb000b50dec513165742206c0902d954ba740b173b01fcba0a1fe68db42f
straeto_rauntimagogn_2025-04-04_17-25-19.xml,d468a32c1894726d7e929ad5604846ec4d35cc539b92110fb94929c869fdd2eb
straeto_rauntimagogn_2025-04-04_17-25-24.xml,4c2e5761a7ce71fbcbb96d30d908fca1cebbb27c13ddaceb8a1f9a5e59f37680
straeto_rauntimagogn_2025-04-04_17-25-29.xml,c77d43a157bdba50dd01ca8d8239a23805dc10380c20bca675a32b16a1161a27
straeto_rauntimagogn_2025-04-04_17-26-34.xml,f9248b96acbda8d019a2db7265f067e883d1b71d5fefe66a2ed81da19f919e92
straeto_rauntimagogn_2025-04-04_17-26-39.xml,c6f58fd645848c93a02bf12ae37c46dd003d6b2d402ccbf76dc47aa6b2090a58
straeto_rauntimagogn_2025-04-04_17-26-44.xml,220074d8df1dd55ab823183da494999f4ae42eb07570821afc9a545c03494336
straeto_rauntimagogn_2025-04-04_17-26-49.xml,2f0f4ac644b070035e5d8f0cc1b9e6e65ac795d8bd0326ede89896efede286a9
straeto_rauntimagogn_2025-04-04_17-28-35.xml,c6cc7bab0f16490c800354ef5899d9a1219578efdb84529528c43d5e2860ae55
straeto_rauntimagogn_2025-04-04_17-28-40.xml,7faef693a88cf766785d21ee99c1b0f2ffcf9ac5f14e0aa96decb7e9b2478f06
straeto_rauntimagogn_2025-04-04_17-28-46.xml,d9b1b2d65ab58be7275b8a1471a753e1d527dece2a77bc8b4319dc4932b34b1a
straeto_rauntimagogn_2025-04-04_17-28-51.xml,c6d6e46f1746bb91c709d193a9f4721cca81375748b198d82add481abbd8f5b7
