straeto_rauntimagogn_2025-04-04_15-34-23.xml,fa40f18a904b7694eecb9fb6782fd7baacbe0163a01835e72fa5cc4d92b2e2ff
straeto_rauntimagogn_2025-04-04_15-34-34.xml,4ea9c0f14a64403266aa1266495f0f18dc5c0093ee90c556cb8b392294f7fb87
straeto_rauntimagogn_2025-04-06_01-19-09.xml,c62a7bb7ba4233aba15df8880c3526b5641aeb385698771e5ca084e77c7b7464
straeto_rauntimagogn_2025-04-06_01-19-14.xml,89ccb1afe293fe7f44d5bb87f63f188e0933a3a076691f5c77713032618c1f24
straeto_rauntimagogn_2025-04-06_01-19-19.xml,98155c735c0b8550fe9a9f209835c610d9c08bc588d5409fb08473739401ddb0
straeto_rauntimagogn_2025-04-06_01-19-24.xml,219d59287d19bf88eb5d23da40d763cd53137378d5302edbd9116b0cada6612b
straeto_rauntimagogn_2025-04-06_01-19-29.xml,d16301266da314f9d3cbae727d5f86b0f8ea87bd4db6b9f65da7af28bd4db80c
straeto_rauntimagogn_2025-04-06_01-19-34.xml,8124b9e67d4be04e8ad62d2faac0f77907048888053648a6c1baf0f71f29ff70
straeto_rauntimagogn_2025-04-06_01-19-39.xml,6fe6ced264c67ee0779a3a54c311b3f31d4f611639d756ac5bb98e7fbd4664d5
straeto_rauntimagogn_2025-04-06_01-19-44.xml,f6d80cbca5cd46e0ddc8473bf44df3c5de4bb87b53135653b634461cab05370c
straeto_rauntimagogn_2025-04-06_01-19-50.xml,3090a4eec9aa4157b5f804ec12e44ffbf2eaa2fa7eb1afbefd6e66b5dc8f8e23
straeto_rauntimagogn_2025-04-06_01-19-55.xml,a7556b459f3f3a81ed7e65e9e52a712bd615b0827f1f7a45c05dff600906a817
straeto_rauntimagogn_2025-04-06_01-20-00.xml,d22b8b62649326d76354d6df6d4f4b828f4b615514328004ed90195f4c1a6124
straeto_rauntimagogn_2025-04-06_01-20-05.xml,b6e15a07d04abafacac8650ed94e3bbad11ba325be6115a6d15fbf99a453b7d5
straeto_rauntimagogn_2025-04-06_01-20-10.xml,5e35ba77a5191bd8267cb9ce14390e9e2ee254f56a4f7b6f5b604ccb28d0c674
straeto_rauntimagogn_2025-04-06_01-20-15.xml,a7de0925ae4ab251f5982363ef0beb4182d23c9b2f525eba5ef4e72c498df3c8
straeto_rauntimagogn_2025-04-06_01-20-20.xml,9c9ac6ce448b62beeef8d50615550e51c5ef388ce18eaee431c21151c2ef2645
straeto_rauntimagogn_2025-04-06_01-20-25.xml,fa37c51e511222dbd6b9ba6af876d4feae586bcbf2a403b88123b4f45a728e8e
straeto_rauntimagogn_2025-04-06_01-20-30.xml,612f04a0aae902b7503815a67b0fec5442e78bb3cfbe8e6de103aa5b415e7723
straeto_rauntimagogn_2025-04-06_01-20-35.xml,33863615a236eca07d4bae7c58bca5b9f44b2c5e6e6de871f6454bf9d3e04c2d
straeto_rauntimagogn_2025-04-06_01-20-40.xml,6789cea7b66f04c4b81c923e733f9a2807684f2dbb4361c9dc14b6eca375d1be
straeto_rauntimagogn_2025-04-06_01-20-46.xml,ca41582b745ddd9da6bb02a3f6e54f475fda10a83e548df0e392a11b4ccbeb5d
straeto_rauntimagogn_2025-04-06_01-20-51.xml,9bf0f7bdd334ef51e65f9659312615ef659ad80b38b17fd97f3b40f7bfae300c
straeto_rauntimagogn_2025-04-06_01-20-56.xml,30287e73049bd015656c3c3cb351010981bf8e217bc46870c27bcd27bbc8b496
straeto_rauntimagogn_2025-04-06_01-21-01.xml,8bc15843733969a705ebc9ad067445ebe2de5bb3f6836c487fb9f0fd51c6d166
straeto_rauntimagogn_2025-04-06_01-21-06.xml,eaa9521ec29243f9a2fc9e041d4d93a2f9237dc7784f161515812b3c6a91de42
straeto_rauntimagogn_2025-04-06_01-21-11.xml,2ccb742c4f6b65bc7f617773a7b0a4eaadfbcc6080795079d861855c742c912b
straeto_rauntimagogn_2025-04-06_01-21-16.xml,107531d789edd48b18553ef234dfa98008cbd01e3dbf58f8ea81604cfbefc9c0
straeto_rauntimagogn_2025-04-06_01-21-21.xml,3e2b4fe174cc021ecb26f81f43e4cd6a9cf537c82edc77043889ff824524d330
straeto_rauntimagogn_2025-04-06_01-21-26.xml,264f303ca0b67e8e1dd30f11e3e5bc90d30ae81c688d8fec46fe4f46a91b4ea9
straeto_rauntimagogn_2025-04-06_01-21-31.xml,5a0a92a3e8efb675ccd71ae58ab47e1bf79981ceec4ef733539a7aeeeb59f469
straeto_rauntimagogn_2025-04-06_01-21-37.xml,d6c90409cc4c21dbbded44721fd8fbe41324e31f3ce855792d6ccd2f94152e64
straeto_rauntimagogn_2025-04-06_01-21-42.xml,cb81fc64984fc6add0933ee1afc2856a3142d62c80386c4160f6ccf95f1aea75
straeto_rauntimagogn_2025-04-06_01-21-47.xml,dbbc516fdf0111afdef95cd55582bf4d101ac98f590948e262b62035180ee500
straeto_rauntimagogn_2025-04-06_01-21-52.xml,06fd16908b482d38d64562319eeaa3cbb19d4176b5d95b4677801498cfd75d9f
straeto_rauntimagogn_2025-04-06_01-21-57.xml,057abec3cce69879eb97f02e7672e6d7402925dbdb639d80e3df3090b26cedda
straeto_rauntimagogn_2025-04-06_01-22-02.xml,9ee3b5a8685ff5bfba92f6a50ac12b722fa3299521eb4efd734b2a25a792dd26
straeto_rauntimagogn_2025-04-06_01-22-07.xml,755828d298da408d3e30840d5bb001d11ae59cc1faa7e985b19097743c1bbc3f
straeto_rauntimagogn_2025-04-06_01-22-12.xml,090e6005a26f9e8dae7e044f745390e797ca1da1f932d09c428bbb404b625067
straeto_rauntimagogn_2025-04-06_01-22-17.xml,9e831785a970ba43a6170840d5eac3a62c1ffe6dd20d63a822860cfa334cb3d6
straeto_rauntimagogn_2025-04-06_01-22-22.xml,ec1c574f10a39d1119b0fd24e6f0009535cdce4eca48339befad1b8d70f8107c
straeto_rauntimagogn_2025-04-06_01-22-28.xml,fc4e86692f9a1f178ca08555a16b446636720ffd8c467d6852f9026e2dc14db1
straeto_rauntimagogn_2025-04-06_01-22-33.xml,2f518c037dc4b71849754089f185a1cff133a9d65692bb6c1f7dc40b094930a9
straeto_rauntimagogn_2025-04-06_01-22-38.xml,2f705f94e4fe3d0285c9499062c03b9ff4f19fc6c6200d4c4acf14616a60802d
straeto_rauntimagogn_2025-04-06_01-22-43.xml,298c6cc7705ac7dbebf1a651c747cfc5b551d52093ea1b319bdf2352ad3e3cbe
straeto_rauntimagogn_2025-04-06_01-22-48.xml,ca8d786f57f386f17a93bd38eb2526f505bded7adcc063edbd6cd56f5d3fc7d1
straeto_rauntimagogn_2025-04-06_01-22-53.xml,c7a94701d6387f84e6d8cd32eb807fb483d00e3a332afef4beb244df4be54c2d
straeto_rauntimagogn_2025-04-06_01-22-58.xml,f92df0d471151c71767af1d3f81cca73736b2b71ad6016210187edd8fa2b6e2f
straeto_rauntimagogn_2025-04-06_01-23-03.xml,b7bc713ec88f98d794ae7ba0f9e3f507d899c0cb328893d921da357eea7f13bf
straeto_rauntimagogn_2025-04-06_01-23-08.xml,c3f29196d8655d8b29b76fcc10b49194723f0ced4e5636830110ed0b11b2e114
straeto_rauntimagogn_2025-04-06_01-23-13.xml,4f5266c7c73f04f99c6eebc0b9617b8c9f4097a921284e0acef1bae4a6569de5
straeto_rauntimagogn_2025-04-06_01-23-19.xml,500e50246808a5a4a1d171970a1d396f37d35b85f63011f3baff40a1159275f8
straeto_rauntimagogn_2025-04-06_01-23-24.xml,7a922748c54d3985c4fff98c8fa54c9e70120313c00700830dbaace1e11e61f5
straeto_rauntimagogn_2025-04-06_01-23-29.xml,b626c0f432a5ddb89bbf950ca8ffb1271a895cbce88ce6c9238fb6e8a6341ffe
straeto_rauntimagogn_2025-04-06_01-23-34.xml,39e71c60ea2364ebe415034ec006334eea20e3ce9b59b73926134d73cc5832d7
straeto_rauntimagogn_2025-04-06_01-23-39.xml,ba36846765ba2c4506f73ebcdb439359b292b824067993014ee8788d7bcc198c
straeto_rauntimagogn_2025-04-06_01-23-44.xml,b2803f1164bf846881a10018d5b03dc64810ef098cd3fbbe3082ac939209d4d0
straeto_rauntimagogn_2025-04-06_01-23-49.xml,1d317650f465d32f93d795d869a7b444bf5e9ff89ec454e68cc7541f1b0a67d6
straeto_rauntimagogn_2025-04-06_01-23-54.xml,1db63319fea77bf6374676626b4f04da7fdc6326126b641843105e4ff99d2881
straeto_rauntimagogn_2025-04-06_01-23-59.xml,8c2ad591ae15eead4ec752d569f495d0e6849ed78a880df2b4162940dd256017
straeto_rauntimagogn_2025-04-06_01-24-04.xml,3fdda38d5965006265bd3859948360a3fb8f38d220c754ef445018142d69eae4
straeto_rauntimagogn_2025-04-06_01-24-09.xml,b44a6b13bf8be35c1c283ed746f5c29e21102f457b68a947e1abe70dcd8370a4
straeto_rauntimagogn_2025-04-06_01-24-15.xml,cb76215c7532e01b7c449402ba86d784ae9797f2b9e2c95e7958705202fb9e75
straeto_rauntimagogn_2025-04-06_01-24-20.xml,7c2e8b4f447484bec732b00cd49b3769108ff524c7904f24ecd8f171b972d02b
straeto_rauntimagogn_2025-04-06_01-24-25.xml,a734fe0279fb1cc9777e4ee08a9f7a00216ae9541fe19806c77ac063fce7bf1a
straeto_rauntimagogn_2025-04-06_01-24-30.xml,9048d77fade48c2efca6c8cdab9ff35a2b4adf5bbc3b186f96d3638aeb1287f9
straeto_rauntimagogn_2025-04-06_01-24-35.xml,8ff2ca9434cfc5ec559b069cc22a0543d46b88e5c100c96bc7094dbd779472e6
straeto_rauntimagogn_2025-04-06_01-24-40.xml,3587148f9fcbc994a2a6025d92ad37977a56a91053a60ac9b4e57c9f4189837a
straeto_rauntimagogn_2025-04-06_01-24-45.xml,ae05a1da1c479edb37a164c643a3c4210adb317952a13b7df543ca064f5e8dd6
straeto_rauntimagogn_2025-04-06_01-24-50.xml,011417580dbc5d9883bed8423d5980190ddba68fb4daced03a2f82abb7a547d0
straeto_rauntimagogn_2025-04-06_01-24-55.xml,da32614d235c9407ba6716379bc29897eb668acc72893e18e1fd73baba8386bc
straeto_rauntimagogn_2025-04-06_01-25-00.xml,3d61de4bdd69906df6af7d2fb4cbf0fa551918a342c44c8c9ca88961611c28dc
straeto_rauntimagogn_2025-04-06_01-25-05.xml,f6600120a9e484e54eadc67b0ca2e34590b9d098774d7c59b25ae0033af402a9
straeto_rauntimagogn_2025-04-06_01-25-11.xml,25b4cb5c65790d98051a4e29b72f7d48ea1bcee660fe1abbd56d26a6c57a2ec7
straeto_rauntimagogn_2025-04-06_01-25-16.xml,b877b92f2786d7f74c90c4417f77d3ea14b77fd77582b1958a83acf1cddab8d3
straeto_rauntimagogn_2025-04-06_01-25-21.xml,2f66f75f20d3563529971e3510416f81c44a0141cebba0a32969c6f2142a9234
straeto_rauntimagogn_2025-04-06_01-25-26.xml,e4684915fb57596158582221502d792eb0ab15c0513e5614cb2602ad259fa5ed
straeto_rauntimagogn_2025-04-06_01-25-31.xml,f8440bb297d937e080d2d00234600cb7e59fb8f3c6564fe2556e15a20b46f62f
straeto_rauntimagogn_2025-04-06_01-25-36.xml,5eecd057699037718dd4c829b9ec0d4ec293098a3c94257f84cbcb0ddb84bd30
straeto_rauntimagogn_2025-04-06_01-25-41.xml,e753fa0572127e6f3a506bf93c76020a83facdb65222ee5ee62ae8d95ad7a205
straeto_rauntimagogn_2025-04-06_01-25-46.xml,1976c726d2ed5d8e2b50407ea3dbfe368646fd5ca737d8fe1cc30283bc68f0fd
straeto_rauntimagogn_2025-04-06_01-25-51.xml,c6425d192e234ea653516cedaadaebfe3637a2b15dfc57fe4de0519e63d6af9e
straeto_rauntimagogn_2025-04-06_01-25-57.xml,b319257eb40786d70584b4340c6edc6b00f4cf01f78288fc7eee89ecc1be5d3c
straeto_rauntimagogn_2025-04-06_01-26-02.xml,cbd1f7081be740716b400fbd77cd2bce94b661233d8a10d1e1e89753cee4934d
straeto_rauntimagogn_2025-04-06_01-26-07.xml,f7e507bee7cce634ef43c3485644bbaa8e9fc5fcffe395e6c512729606a424a7
straeto_rauntimagogn_2025-04-06_01-26-12.xml,212ea3c904813c235d0bb8a0ed18db0cc60677cd56926ee163ddb3b273421312
straeto_rauntimagogn_2025-04-06_01-26-17.xml,f5f5aca3b6df6fe84f901dd483092680c3b360ff997d1f76057f96a669a66a16
straeto_rauntimagogn_2025-04-06_01-26-22.xml,36f4959c8499e033cff0f37d095405e8119bae3dc54e693bc3b741c86b6d2f6d
straeto_rauntimagogn_2025-04-06_01-26-27.xml,49315674bf3b08a08d071d8bbcebf33715ed62ded2245ef013ae19bdafa1f837
straeto_rauntimagogn_2025-04-06_01-26-32.xml,abdfa2ca291781d4f83bac230b4a9bc2b629d4d783c2e30ebfa252fc164720a6
straeto_rauntimagogn_2025-04-06_01-26-37.xml,0e65f6dab81f4a50771cc3e9386382daa8f52eec626af8bbc13a7d768e0eaf04
straeto_rauntimagogn_2025-04-06_01-26-42.xml,2707821aeb627a26ed3a485e22f105a178e0b64bed951ab4f5f821ec482caffd
straeto_rauntimagogn_2025-04-06_01-26-48.xml,455c02d046d1ab71d55d53270a3fe7e1858403b48572d22eb417e2549f7251f0
straeto_rauntimagogn_2025-04-06_01-26-53.xml,7ac82b56a10cb82be940f6641a576e8881ff90fa39a3d4c8b872d1212692a511
straeto_rauntimagogn_2025-04-06_01-26-58.xml,4703605aae71c83dc1be9dfec9ec8a7c5918d65563c33b9ffc94027584ece860
straeto_rauntimagogn_2025-04-06_01-27-03.xml,2875326d5c2b3698c66b765fafae8b83e6ec29e6bac6a273b925139a329d02f0
straeto_rauntimagogn_2025-04-06_01-27-08.xml,e84658228c96180cc07d8b24a40f2c52fb45daf5046643db52e0391b3a9d0e22
straeto_rauntimagogn_2025-04-06_01-27-13.xml,75474e484332490b18130d49fb416696775d0aec47c77d4f8bb740778d33ec2c
straeto_rauntimagogn_2025-04-06_01-27-18.xml,fdbf98c2aad613782057ad2df91843670731496bdb553f9d502f7c2e9f03fe7d
straeto_rauntimagogn_2025-04-06_01-27-23.xml,fb02033ce25446a94517bbf3576802aec4935abe5bd974aefd64e15022bfebe6
straeto_rauntimagogn_2025-04-06_01-27-28.xml,0cf00ffb1e0310fdf310db8f9e683fd25d73983765191217d1559c5a6ae9e3bf
straeto_rauntimagogn_2025-04-06_01-27-33.xml,8473dc96191f7d974abb345667dc3d12000e6eaf21bca124befe9f270ea12db5
straeto_rauntimagogn_2025-04-06_01-27-38.xml,3d4f8d6250109f58260280ddc473e10329734e94a014196f2b51ba192e763394
straeto_rauntimagogn_2025-04-06_01-27-44.xml,bb5a2774e1915ac617784d681ddfda0da490a2b89df803139209b347e47440c1
straeto_rauntimagogn_2025-04-06_01-27-49.xml,6b1bb37744667226863bed58a1e2e0d830d11c506056855dd1905e4116e17598
straeto_rauntimagogn_2025-04-06_01-27-54.xml,3afc857e982f84aa9cc64a347aa2fb520935b2606d148ef9980ea262703515df
straeto_rauntimagogn_2025-04-06_01-27-59.xml,2349f4706945ced47c36bc0382a90d6e4b26774392acf366b27d1ed1f478c3ad
straeto_rauntimagogn_2025-04-06_01-28-04.xml,75701bd4255524706502755c48b9f632079185f765d295a9234a30a016502204
straeto_rauntimagogn_2025-04-06_01-28-09.xml,d479d694ff1b11056ef2e891c37beb3a0547462ad511bfc3205ff3041a0d2556
straeto_rauntimagogn_2025-04-06_01-28-14.xml,c315ff3b67dd6daa499ba5f928647849878fa62910af51e3b7fafba994cc69d7
straeto_rauntimagogn_2025-04-06_01-28-19.xml,7fcde0757b6b35042af0a35bf9fe5b2faef3dbf7a68c20e54c74ac02e17e5624
straeto_rauntimagogn_2025-04-06_01-28-24.xml,ee9b0ebb359cd82426946f4cc298e6d15dd5d494a9a3c985407ff47b5b32255f
straeto_rauntimagogn_2025-04-06_01-28-29.xml,6332fdb0cb4500aaec1898a93aec3df7fc210a24af79f12daf828641d748a9a9
straeto_rauntimagogn_2025-04-06_01-28-35.xml,d73c2ae8390ec0c8551109c56ffb058c18771e13877c662d5c75dc2882aefc17
straeto_rauntimagogn_2025-04-06_01-28-40.xml,52af007335af12f4d51103fa99259164526854d576c28951fdd9793b4cce47d2
straeto_rauntimagogn_2025-04-06_01-28-45.xml,ab8d86ad3ff53dcd274fefff8691a6015782b22999080670c88a0424f7afb4a3
straeto_rauntimagogn_2025-04-06_01-28-50.xml,1558f02f5d4d01ee79359e240370e7704c1be0191f3c90bc6ddc1ea1aa606ebe
straeto_rauntimagogn_2025-04-06_01-28-55.xml,102e43ad2cbe1ae924664a48a0f9a30f873c7b29e184d9173ad59452f8d7b510
straeto_rauntimagogn_2025-04-06_01-29-00.xml,ce3566094939786a0a6ddbe38560a57bc9520d7d865eb0077d7a50b78ea2620f
straeto_rauntimagogn_2025-04-06_01-29-05.xml,60a2dc11e1ff4cab075c51aae13eedbcf9c0552ceff9d873dd84ddd0f4fa8ba9
straeto_rauntimagogn_2025-04-06_01-29-10.xml,eb8cc9b79a4f2cae0d23985a16c4e1b5240b4c9b9d2dd8d1e58629a93e6b0f67
straeto_rauntimagogn_2025-04-06_01-29-15.xml,e3a2f17ee42237dc155c9ccf33ee27061f5a8c4f5da204ee06aeb9024f6c64e1
straeto_rauntimagogn_2025-04-06_01-29-20.xml,90796fd62dec3da06018c36417af54cc2074eb008dd43d44f206626c22f9a164
straeto_rauntimagogn_2025-04-06_01-29-25.xml,c8bd2d8e9fb4959f2cd16e703fd17c9c4fb8d36919228371b70884cd1d00bfe3
straeto_rauntimagogn_2025-04-06_01-29-31.xml,93f16728fb29591e21c5ef414118ab5fb6d06e4030747c7622b7f372fdb5f117
straeto_rauntimagogn_2025-04-06_01-29-36.xml,1d9370b7898bce56f0ad0bc98ac8cea3a799771091f12799b9a85826c7f7d122
straeto_rauntimagogn_2025-04-06_01-29-41.xml,ebc31b877db41489d7eef16c1db6cab0ed281a42c77c7ff37634fb862ba08330
straeto_rauntimagogn_2025-04-06_01-29-46.xml,97a99950d90b7db38caa2d556707853bf947ab785e242fbfe69e91bafe0dc537
straeto_rauntimagogn_2025-04-06_01-29-51.xml,9983cd31c50554c9e59a13aee98e1fc2a9201e55d347203cfceb5ed74e67629e
straeto_rauntimagogn_2025-04-06_01-29-56.xml,b6f8227c1886f9368a12ad80f3819a30ce637d85cf2bbced6fef4e0347db2afa
straeto_rauntimagogn_2025-04-06_01-30-01.xml,4e50a8831c9ef6bdcfd22732c6217457312e73deed3df0f8545e5fbab1b6eb0d
straeto_rauntimagogn_2025-04-06_01-30-06.xml,5777b200ba153a07084bbc60dafc9e499d56a9c8e1883e5575c5cd32ff10e372
straeto_rauntimagogn_2025-04-06_01-30-11.xml,8e740479402f4f792a38cd80fb4a0fd191e9f4bb71cc33c0ac0ce61a242baef8
straeto_rauntimagogn_2025-04-06_01-30-16.xml,a0716b1200d3b6c245d2b5af799d52f75d853c30e6a8470580bbce00299d2cc7
straeto_rauntimagogn_2025-04-06_01-30-22.xml,a668bae6372791132e52e701fa0848fc12efa01caafbedc73811b8879b04033b
straeto_rauntimagogn_2025-04-06_01-30-27.xml,7f2e3f7d806ca01970960c6d44d19d4599fdc27dfd2559776186e799a6db95ac
straeto_rauntimagogn_2025-04-06_01-30-32.xml,87f40ce7083115960059eb5e6aac6886fa5672ccab80614177cd2688fdf8d766
straeto_rauntimagogn_2025-04-06_01-30-37.xml,96d6f685f886209f2de3e7c80b8ebb448fa25883d416b86008113fca9ff78929
straeto_rauntimagogn_2025-04-06_01-30-42.xml,edb92fc3cb84ebc7fbed09ea266126852883bbf039179411fe1000f9009619be
straeto_rauntimagogn_2025-04-06_01-30-47.xml,a466c1aaa9cd860510f181ffbad2f1800fe4188dee5a8963ded8e2c503aabeda
straeto_rauntimagogn_2025-04-06_01-30-52.xml,871e965965fdbbf9e17246cc2000638abd2f13bf1cdeb9cd84ab9eeae3378106
straeto_rauntimagogn_2025-04-06_01-30-57.xml,ca7bc3cc91ea19d4a41aea3824e099e1afa6e3bc52f1f25fbac72ad6c0a91012
straeto_rauntimagogn_2025-04-06_01-31-02.xml,4d9f3669b18a8f0fa4c2b3a387cd11bceec268459d1ffe4aeb4e9c030452035e
straeto_rauntimagogn_2025-04-06_01-31-07.xml,c19a180c5a8ebe157e748eb484eb254c2b20fea47e78219562af4e3bc14c5036
straeto_rauntimagogn_2025-04-06_01-31-12.xml,e625c20cbdc627509bac9215e9b40885b7970c5c3508ec715ce79349851ca8ad
straeto_rauntimagogn_2025-04-06_01-31-18.xml,a40e857a9c3ea0f3de55e7a03737a512e0b2fe61e3da01cb9ffa2b7fa2adca4a
straeto_rauntimagogn_2025-04-06_01-31-23.xml,1893f129a4598d5220739dfb4771b016cbb9ce2d44613491e97914ac41087b52
straeto_rauntimagogn_2025-04-06_01-31-28.xml,c1ae3e4366d422ebf7e7f29e34688f5d12b7b65f185265c16a2886948018904b
straeto_rauntimagogn_2025-04-06_01-31-33.xml,973af852d7c46019cacdbb5be7c1b792755d54c45eaab956f50e4e58f7b20550
straeto_rauntimagogn_2025-04-06_01-31-38.xml,d04f320cfd5b92eaf78e4f78faa6dac8dbfbe65b8290804a0143e4f93d655842
straeto_rauntimagogn_2025-04-06_01-31-43.xml,abb82c167990da185a9653f941a4ce0d48fe9a1884ae4ca5dab98ed7f0c997e2
straeto_rauntimagogn_2025-04-06_01-31-48.xml,cf2d4b8633c033dcfb030722132e79c7bab74f4d68ea2aeb0e08e467cb91e149
straeto_rauntimagogn_2025-04-06_01-31-53.xml,33dde86b1cc06fd1d3ff89fbd73c37da61ee9d32acdb126b1a8d664344aeb0b1
straeto_rauntimagogn_2025-04-06_01-31-58.xml,ab5de097d4398f79bd193919f462863cd4230d939adf4998abcac84825c41d10
straeto_rauntimagogn_2025-04-06_01-32-03.xml,af9800a4148aa25331433cdc9e6aae852500ea697ff3d243b3a4976ae61c7981
straeto_rauntimagogn_2025-04-06_01-32-09.xml,9f3cd6bb28c14b9cea1d2b085301874bf77fa479e6489ae8dd28b0c759d09e5d
straeto_rauntimagogn_2025-04-06_01-32-14.xml,671ecd5d07fc10a9878aaf88b2656e774371255a22a8904a00b40ed5deda157b
straeto_rauntimagogn_2025-04-06_01-32-19.xml,4ebb71a3d11893a2ed7f8713077e9634f5200a7d9e7ba446c71ca91deca692f1
straeto_rauntimagogn_2025-04-06_01-32-24.xml,873cc36c7890443fe3d6d8ee6412053c3fc78046302b1f04f3e3dfcadedd5f99
straeto_rauntimagogn_2025-04-06_01-32-29.xml,63b95f61b4154de3137ca91f63722a17574ca66199a7387d48508c6ce0baef17
straeto_rauntimagogn_2025-04-06_01-32-34.xml,54e9fdbb1235a841f79cd9aab568b530107671291dbf1bafd9661f90cb3360a7
straeto_rauntimagogn_2025-04-06_01-32-39.xml,99762380b1eb39d6315de481d52e957346d2b730c300e93c170477dd4b48c845
straeto_rauntimagogn_2025-04-06_01-32-44.xml,d82992f8936f9dd1a6a8e888f6d36721ccab65b468169a7a3a14beb33c679de4
straeto_rauntimagogn_2025-04-06_01-32-49.xml,08c8790abadf30aceb2473b52d620a89a718a4db5ee3d15b4beb7239b1390a38
straeto_rauntimagogn_2025-04-06_01-32-54.xml,7eab8cea91a694ad31f65f6cee6fd382d14263a87e0e87347f0957b9ce059e8b
straeto_rauntimagogn_2025-04-06_01-32-59.xml,0b56d62709bcf1d87e54a4524bd66aa2c34b07dccea98378bfa9e5849738ba37
straeto_rauntimagogn_2025-04-06_01-33-05.xml,2e987723b15546be1606267eee1fcba53dd427284acad47740189800cbd14adf
straeto_rauntimagogn_2025-04-06_01-33-10.xml,dd31316c342bcb6b0030f81e8e3a3ae698e20005d558c2e5e8cba90ab2777cc4
straeto_rauntimagogn_2025-04-06_01-33-15.xml,72f77bbbbfd051242a2b86bc40b5b528979c1951e347f22408eb91a4b8d845b8
straeto_rauntimagogn_2025-04-06_01-33-20.xml,13909b24a5a7817cfbf0283468b5466eddbd30eb4469a633dc45b803e59c3136
straeto_rauntimagogn_2025-04-06_01-33-25.xml,3a3b067d5040f5dc2f9169e74a6ff8e68d6d917e9811510d503200fb09347562
straeto_rauntimagogn_2025-04-06_01-33-30.xml,2aa4a8ecfb7daa331394ada372f8870bbd75a0e9abfdb1ef21b89b25d0aa70cb
straeto_rauntimagogn_2025-04-06_01-33-35.xml,66110f664c78252e09de7d7bc9fc9b06db9fe081a9f0e416bcbc449e40649841
straeto_rauntimagogn_2025-04-06_01-33-40.xml,592ffbd002e024399ff11bfcb74b82c8445dceb40ca1ae4e61afc8f027e2d921
straeto_rauntimagogn_2025-04-06_01-33-45.xml,7da45959ab3ca1b65634989d105488933f387995b504f7fc1ed3e3e0ed7765ed
straeto_rauntimagogn_2025-04-06_01-33-50.xml,e0dc25ab379d03676ed6ddcf025e6b014cc70b1a96345ad2320f33c4b2d57832
straeto_rauntimagogn_2025-04-06_01-33-56.xml,2efe80c4a3d4471bed6f78dc2b94ff66870f01ea4d78b16ff2e0fc3316b6b4f6
straeto_rauntimagogn_2025-04-06_01-34-01.xml,3929a2977f6abd6786b8db3fe145a67e53780416193bfaef0359a0f3d9351878
straeto_rauntimagogn_2025-04-06_01-34-06.xml,14b69940659a746116f6d6a9e4394a1c8d08aff011de26a091629b6ed82a9fb5
straeto_rauntimagogn_2025-04-06_01-34-11.xml,03739713a7a55d29613cf92827023c4a456a01314e97777689e4f32407aabd9f
straeto_rauntimagogn_2025-04-06_01-34-16.xml,42f6b09f210c93e14c864b44309f16c2861c46710ff176324f0ca5b79fdabee4
straeto_rauntimagogn_2025-04-06_01-34-21.xml,bd839f879b50c2305dbd1f9eb8d84d762872a79d48576040b4a0acd44d3531bb
straeto_rauntimagogn_2025-04-06_01-34-26.xml,355dfbd88481f3bce5de95059c649adc05f048711a44d1173be3c76a3c1a316c
straeto_rauntimagogn_2025-04-06_01-34-31.xml,94408dc58ce05ca19cd0bc059fbb2070a521f4478f7ac1f699bad7c42d993aa6
straeto_rauntimagogn_2025-04-06_01-34-36.xml,b66fef2cdb5de995ad4c92e7e119f620b0e7e22034f274fe0225248e1dc2cc37
straeto_rauntimagogn_2025-04-06_01-34-41.xml,5b90677fcd63d011f54f5cae91da8ad52c209933e958bc7cb8ce38b6d4040185
straeto_rauntimagogn_2025-04-06_01-34-46.xml,d0db1081070a4206c7b93e02a2017fcce002726177082d7e2d7c2c49d185b04f
straeto_rauntimagogn_2025-04-06_01-34-52.xml,0aa52573047e438e672321cdd5a8efd34a552e4e580f4cf3fb1f9ded13669565
straeto_rauntimagogn_2025-04-06_01-34-57.xml,0bf7f6c179333a3f053552cf08bf3dc96c9d45b55708dc8c78ad14f86c041dba
straeto_rauntimagogn_2025-04-06_01-35-02.xml,1bd0c43e326ad456e5521f29d5faf08fdfefd3a3e731a1837de118f949fd37b1
straeto_rauntimagogn_2025-04-06_01-35-07.xml,97bd5fb3d033cdb4aa59bb5b0a558dac2041b2d5d9cdff7d5c21d506ad13a70c
straeto_rauntimagogn_2025-04-06_01-35-12.xml,803a4e56582ee27516f54cd94eea73449827cc441b8a409f09ca0c48946f2b24
straeto_rauntimagogn_2025-04-06_01-35-17.xml,b34959e119272b176c956c40e6317543bf5c55a1cc190e2634a63c99cfd2a403
straeto_rauntimagogn_2025-04-06_01-35-22.xml,4a9fb930ef0d3e1245a25fb9f487565f94ac3b182526e7b46591dc7084108b01
straeto_rauntimagogn_2025-04-06_01-35-27.xml,30f9a3693f5cec86ec956c0d4eb9269682612866d3fc89c02cd1ad0585118bd8
straeto_rauntimagogn_2025-04-06_01-35-32.xml,001e46180d3ef65ff03cecab0d9c72aeeceaa3b7d8c469531804d014306d7596
straeto_rauntimagogn_2025-04-06_01-35-37.xml,689a931fc4deaa118300b9e8c96efc56c7201b3b6f613d3eb358e3416426ded6
straeto_rauntimagogn_2025-04-06_01-35-43.xml,aa0cca77e88c354d8ca7a3f6247acc67ac3b0a2c8ae49b27370ab648fa85bb94
straeto_rauntimagogn_2025-04-06_01-35-48.xml,619687d3121591751aa376b1d7d13fa64f4d23bd92e14ea511ecc42c34e9c867
straeto_rauntimagogn_2025-04-06_01-35-53.xml,aba63a3a5f8549ce4454dafea773fd5d713ebcc40a20ae02f6f46d2557b4d3c6
straeto_rauntimagogn_2025-04-06_01-35-58.xml,bc6045aa62d217884ca9f84c731c4835cd4367aaaf83bc59a248b357a444aa12
straeto_rauntimagogn_2025-04-06_01-36-03.xml,9b78ba4b8cc7f3545d5afe3be03cb547427c7c71401c398757d2c792b8328926
straeto_rauntimagogn_2025-04-06_01-36-08.xml,138e312cfa578f153ee45c236e4b71c4eef72be2cfd7a2106be8ac9aa0f94633
straeto_rauntimagogn_2025-04-06_01-36-13.xml,91e5c180c45bf6f8ed11ca68adf9bae3f7cdd17e20dabf4a46506a4f3701106c
straeto_rauntimagogn_2025-04-06_01-36-18.xml,efc2334c8b62d4b32fe18f0a7b8ebd7985885b7b572cd3d204d5272f95a30df8
straeto_rauntimagogn_2025-04-06_01-36-23.xml,5bf65bb6708af95a1cc3666c7b2299f4e9d59d365074e6476f66d7c537ef50f8
straeto_rauntimagogn_2025-04-06_01-36-29.xml,8618a576b7f3660c4cfbee88d14fa3a9713c8de46f2d6b907d45fe3a8a3d831e
straeto_rauntimagogn_2025-04-06_01-36-34.xml,c2e98302b6a4cf828604ae94ef6883848fc6ee7d7fdd79eb86fb45093c24377f
straeto_rauntimagogn_2025-04-06_01-36-39.xml,9a9b71e2153ad5f3833c602f2fdc938cd02da1059c3c675818cb808c51cd6825
straeto_rauntimagogn_2025-04-06_01-36-44.xml,e6cf6d1453f298f4a481933e4068c0433f0ef4e053e274be0b4f0a4d70359bd8
straeto_rauntimagogn_2025-04-06_01-36-49.xml,d072be06108d5f178258bc0d07be09cc155e5881297fe34e55447cef39170b28
straeto_rauntimagogn_2025-04-06_01-36-54.xml,82a2d5dca0ee6104e9513a1f36819e23ca35dad3e749c1860a1b63aafc96ee71
straeto_rauntimagogn_2025-04-06_01-36-59.xml,a58a51cbe833644307aa548eabbef9509c12539d93f7cd4582f77c0a7b2281e7
straeto_rauntimagogn_2025-04-06_01-37-04.xml,16881b31a865655edc40ef7bf029e70f405713e4fdb68cf61df9399cc40151cb
straeto_rauntimagogn_2025-04-06_01-37-09.xml,458372ba65da491566a242f65074de2792ac074f6ffad3ed07b79604e3a28e0a
straeto_rauntimagogn_2025-04-06_01-37-14.xml,adc2c682d8cc1ff22022d790218ef714cb3f851821b22293bf6749ba37ab19a0
straeto_rauntimagogn_2025-04-06_01-37-20.xml,10d504b3d86cef7a48625710ad95cc3eb2ddf96a96be3493d1ad9d736f723de1
straeto_rauntimagogn_2025-04-06_01-37-25.xml,2387bd28d049aa7490100d5ef2f7ea09e7969128a1213004030927b42885ace5
straeto_rauntimagogn_2025-04-06_01-37-30.xml,4b5a085ee5813117206c73e4d398ee22178786cd56691a24ca220ea7e61960da
straeto_rauntimagogn_2025-04-06_01-37-35.xml,35fb4aa160e654260139574810f91b45d2823f2aad34c7469c1c9bc6af69c2dc
straeto_rauntimagogn_2025-04-06_01-37-40.xml,e95bd2666ded7fbfaaec5caa8ff57203893619d5dae9389b5ffee183b3f55ba0
straeto_rauntimagogn_2025-04-06_01-37-45.xml,0aaf1772b102917e200d74da2311c16a2585dc724d41c7e5d71da2c106c361e3
straeto_rauntimagogn_2025-04-06_01-37-50.xml,5ad354acd8c70941d6ed29da91f4e5ee78c1125eae0e0883be0e478a687899a8
straeto_rauntimagogn_2025-04-06_01-37-55.xml,1dfebe55402f36a43c572c75ed697c2d371f24992f0dee7a0983c338f1ebfd9e
straeto_rauntimagogn_2025-04-06_01-38-00.xml,9005c3af2e879b82e1a334dd8d935b3f7784c5e83d872b3be13b3f9b320166f3
straeto_rauntimagogn_2025-04-06_01-38-05.xml,b161a30609fd5ec84f6fa3e77b49e22859418a0e5b14fa4caa209bedc06a456e
straeto_rauntimagogn_2025-04-06_01-38-10.xml,e600df3c42457d5af0472131ac5292bdeca0ae0189e10b2163fc781cb93bd3ba
straeto_rauntimagogn_2025-04-06_01-38-16.xml,e83463ec484eb90d506b7e26e326b3037dafadb0fc31fb9b394835a6f3280333
straeto_rauntimagogn_2025-04-06_01-38-21.xml,8aa4610cb40adab5276e616d0ba600461eb4c2abdf549d8a2c66a816eb561ac0
straeto_rauntimagogn_2025-04-06_01-38-26.xml,f988e216b127ed74195331f92bc6a5ff855fe01a11e9cb4dde4181e17b541710
straeto_rauntimagogn_2025-04-06_01-38-31.xml,7389c3c9da64e03288e678f901d8bd5a9d1aa511f7c069de5a7f0a728fcac616
straeto_rauntimagogn_2025-04-06_01-38-36.xml,4fdccb3085b03444f6bc3020818bb042c944187aa87e03944be30d3989aa9b88
straeto_rauntimagogn_2025-04-06_01-38-41.xml,dec7ee7c75d12f41894c655713748889ce5360aa8f1da8dc9f369ad125b5b074
straeto_rauntimagogn_2025-04-06_01-38-46.xml,ebbf7c89ea67377c4044bb7d3bdbf78d4e67bd87e0357709abc902279e0fe28f
straeto_rauntimagogn_2025-04-06_01-38-51.xml,f11ac472d617f3e11a11f05b3b4725de1f356a9a90f5d5f86cf4aa6d5d6d689c
straeto_rauntimagogn_2025-04-06_01-38-56.xml,00d10aa270728e139f9499e80a4f6904b54b5d58910497500f20efab2f6c9c31
straeto_rauntimagogn_2025-04-06_01-39-02.xml,26190833516eec9f575bae5008abf44516ee3db57f96e4e2881ba1091aef7321
straeto_rauntimagogn_2025-04-06_01-39-07.xml,e61a88b652d352b14f6915c15b0a1abaa508d203a68885bf73fd4cd45b3d0d7b
straeto_rauntimagogn_2025-04-06_01-39-12.xml,414932c5b8896667d13bc1acfff70e2c7f1cd8d436dc113047f44a06dbe8632b
straeto_rauntimagogn_2025-04-06_01-39-17.xml,ea4d0af6ea617ff0ec1f925f0331ae314e345e1e65b5d0dcf665e1372e7114d7
straeto_rauntimagogn_2025-04-06_01-39-22.xml,09fc453d4e376956533f2793ad72dcf0c4145ab50f357dc3a3d001c65b2d12fe
straeto_rauntimagogn_2025-04-06_01-39-27.xml,60b2f8c34b59a36e8a731a529039fc9f5d440ddce4c9c6ca8e9a2086fceb8687
straeto_rauntimagogn_2025-04-06_01-39-32.xml,46d611101dd9dc11f4454ac05d59dca51a8477684bf25489d75a276a4e867776
straeto_rauntimagogn_2025-04-06_01-39-37.xml,8ce61cef002ab89944ff911c35940709635eb28795025a942e88fe3696681c20
straeto_rauntimagogn_2025-04-06_01-39-42.xml,9d5942e77fead30f504270f15e121f5f066ba768ba63773c1866d2aec8a23c64
straeto_rauntimagogn_2025-04-06_01-39-47.xml,365f656d0b03245f7ceeea4df85eb392f575a649b7e57a64fb7aebfd93958cb9
straeto_rauntimagogn_2025-04-06_01-39-52.xml,39072febd1e970a39871b5d162d969c07a1837ca18e937b07721c81271a4026b
straeto_rauntimagogn_2025-04-06_01-39-58.xml,2cd780c926cf32e4c24e192affe732ad67741fd537a6b1247ebcccb844b7cdbf
straeto_rauntimagogn_2025-04-06_01-40-03.xml,2626937419e28240c220b38b7e7cd001dd5e6289ce9c2a0a5f25f70b3d9768bd
straeto_rauntimagogn_2025-04-06_01-40-08.xml,21ddcd6504445d3c1ad332f79c60bebd7b807e3b651d0b98381572b7b519e64d
straeto_rauntimagogn_2025-04-06_01-40-13.xml,eb5c674d4607067c416f94b4b9896a5e82a046079ddb790b52c77a0215a499c9
straeto_rauntimagogn_2025-04-06_01-40-18.xml,609c8c1ed8c786907e92f36a4ab6eac924adfa7e2b4cdaba53b3b1b940e8d266
straeto_rauntimagogn_2025-04-06_01-40-23.xml,6622e0a022d364d83c9242f6a302e910f7806adf7a3ce96d81476da22d365819
straeto_rauntimagogn_2025-04-06_01-40-28.xml,a08ea90c7cdd3bc8cce0fb5b349a86a60401cd3b049fc0c8072624eb3d799bec
straeto_rauntimagogn_2025-04-06_01-40-33.xml,77503a09466b796a58c8ff2f7119f984a814abbd265d77c7d660d6c0123692b0
straeto_rauntimagogn_2025-04-06_01-40-38.xml,18730c5fd8a6f3057e11bcdb3b2fe045451311d8bde7383e2798fb49f67d3c7d
straeto_rauntimagogn_2025-04-06_01-40-43.xml,c06cd0585627b2c0008126c040b9cd09e175688176caa9e229012b266ed7a666
straeto_rauntimagogn_2025-04-06_01-40-49.xml,61a5cde03d6e8f7cd5da1e5e137ed56f75b6e7e0516f27d54bdae70acc313425
straeto_rauntimagogn_2025-04-06_01-40-54.xml,df75c16ce0f1b091c518ce0f186ed51548cf41e1ecd6113156c1619df261e9d9
straeto_rauntimagogn_2025-04-06_01-40-59.xml,578a55d1e14def8449914dfbf233a9768cd9c8b64f0a779bc9a99abeafdc4b51
straeto_rauntimagogn_2025-04-06_01-41-04.xml,689cb8d7bede2ea93028f57eab04b425decccbe2eef457daec8e43407142fb92
straeto_rauntimagogn_2025-04-06_01-41-09.xml,e4df3721aa4608409a5ef0912e43633ac8835d08c45c9bde73f8814d2534e005
straeto_rauntimagogn_2025-04-06_01-41-14.xml,837171fdf9da1993659eee1e4911fe948512821e4a76db6baa6572a0ded581d2
straeto_rauntimagogn_2025-04-06_01-41-19.xml,df856cdf13bb3a841b02323930cb904f3ab0f42b0d73f5076636386221c381e3
straeto_rauntimagogn_2025-04-06_01-41-24.xml,11f06c51c25c1a945f07f02d5b6a226c22e07652746c5d1fcfb8980fdc46117b
straeto_rauntimagogn_2025-04-06_01-41-29.xml,ab1c42d1e3ce259ec6b9367ea7a03d02703fea31cd08a8e1157bc0023676e5ab
straeto_rauntimagogn_2025-04-06_01-41-34.xml,4e12b31c9f77f17b5bb33fa2c6148b3de5d0839f73ef1fb6d4025896542e8d6b
straeto_rauntimagogn_2025-04-06_01-41-40.xml,db223066ec7780cf716cfd7ddfde2c13ec8b31e298562791694c980ce3ad5514
straeto_rauntimagogn_2025-04-06_01-41-45.xml,7b5ec573a2bfaa2e886753790399d177a79f964ee76b3d1002b117d0f17df15b
straeto_rauntimagogn_2025-04-06_01-41-50.xml,d2c037285038db7a61b99cee885383d4a3cd37c3d0a164b458afefffc0278ae3
straeto_rauntimagogn_2025-04-06_01-41-55.xml,dbedcbaa2b291e1180a25cda4e84f9445f6a1aa68b64524a53e51d08dc54aec1
straeto_rauntimagogn_2025-04-06_01-42-00.xml,bdfda5c1c2a11b6b82ca17ad815d7793a5c5ed16a33ff28ad39d1cf47fe9fd31
straeto_rauntimagogn_2025-04-06_01-42-05.xml,cff09a277307fb343aded421fde1c9254dc56db003401df4f7cae1d83aae996c
straeto_rauntimagogn_2025-04-06_01-42-10.xml,cb77e46f62c1c1f419aabceedbda8b6d4c1256c6d4d2cbcdfad6391dacd0b1d6
straeto_rauntimagogn_2025-04-06_01-42-15.xml,a576db3b6c9ae98331e5c09a2aeee894506a9eebfbeffab372f20f7f484cda37
straeto_rauntimagogn_2025-04-06_01-42-20.xml,44f900adc2e2862faa11db5921bd6a797095fc68274981b2ca89f9853772f7b0
straeto_rauntimagogn_2025-04-06_01-42-25.xml,b31514ef453bc029e7322963038d996bf8a723a885b9a0c5a2ffa6acadfeae5d
straeto_rauntimagogn_2025-04-06_01-42-31.xml,51019520bd2d2983bc4ec08830e20d2c6b39376df19219f93a5ccfe968cae89b
straeto_rauntimagogn_2025-04-06_01-42-36.xml,d2849398298cfb9548398ac4b5c0e45cc694987f9f44ffa88792635e3018e0c7
straeto_rauntimagogn_2025-04-06_01-42-41.xml,951350b4245afdf69656d2dc7aa32f6a57c45e1a9653c09a33a4253240819de8
straeto_rauntimagogn_2025-04-06_01-42-46.xml,11f15c8b6d7563d8b02e14d88c152fa0b45da17b0d61f51acaf8084663c1f03b
straeto_rauntimagogn_2025-04-06_01-42-51.xml,e47db231bbac917ba45ad2147b481ede50a9788d375d6e86f7b877d33cfceafd
straeto_rauntimagogn_2025-04-06_01-42-56.xml,8854197da83f2c03340cc00ac236bb3a260b268a28105ad180ca5b7cecbd302a
straeto_rauntimagogn_2025-04-06_01-43-01.xml,a78e1973a361ed763df80a1a437e25b6540896eb320433b01a3f96fca8534b91
straeto_rauntimagogn_2025-04-06_01-43-06.xml,f16835086945f7b4c198fc96c18f895f0b9bff526ed3ad7d5b4cb508e98cf22e
straeto_rauntimagogn_2025-04-06_01-43-11.xml,7b9a4f7b07370cf8aa1648aa542eb87d816d4221e73da81d2a51eb382a15e71a
straeto_rauntimagogn_2025-04-06_01-43-16.xml,23380186dcab9df11131deb1be406a574e09c370cdbf4cbfacdd65d0dda79031
straeto_rauntimagogn_2025-04-06_01-43-21.xml,55b83c96389f70285e5fd61d3d83647513ba50a8037a78a62107c8fd4c99c1a9
straeto_rauntimagogn_2025-04-06_01-43-27.xml,d3de7ef598f5a4af63d72e2f67b47fea1dc35918bc78fab6d6c39382ebe48924
straeto_rauntimagogn_2025-04-06_01-43-32.xml,9a3c1b6a61031c71f3a67e31a8d7626b679474a88376deeb8e31ad9f4f863e34
straeto_rauntimagogn_2025-04-06_01-43-37.xml,fe5c42bc2586556ac8f7f1263ee6ea6b8e34cc2a84266391a8a6c26688b138a2
straeto_rauntimagogn_2025-04-06_01-43-42.xml,e64d1b3eb5902807fdc3c6401a0834dba11c68ad5450aa7ac41b650759243c73
straeto_rauntimagogn_2025-04-06_01-43-47.xml,5d91b65211862b8b2a557c1bc4ccf7f078d941939e999323763909e94c338ff5
straeto_rauntimagogn_2025-04-06_01-43-52.xml,7ac1af45e2ebdd57c8e0b9d5b91bf6eae01489253d5e1f694331088ffe14edbf
straeto_rauntimagogn_2025-04-06_01-43-57.xml,5fdc3bcabf3f62e0eee2efafa835e1257db0c8df3594e73145b07825d8f35887
straeto_rauntimagogn_2025-04-06_01-44-02.xml,d6930db42e05d90e87bf88cd310765e252da8031a0a7af7084010fb834dbda4c
straeto_rauntimagogn_2025-04-06_01-44-07.xml,2a571fc70f8caedc72deefe611876641af4245f56ae7d4b41086a1f14cd34612
straeto_rauntimagogn_2025-04-06_01-44-12.xml,1876d96936112dc332419c51b24654ff42b941c03fd636898e829e6b4e790eef
straeto_rauntimagogn_2025-04-06_01-44-18.xml,8a7c5d36a46030c5162cc54d4168a3f63215ee9e7e4774f865342ba158e2601d
straeto_rauntimagogn_2025-04-06_01-44-23.xml,fcd0008f315dee116c1b3ce41a07569d1ac6324e28387345f5fc314214453a52
straeto_rauntimagogn_2025-04-06_01-44-28.xml,85906931ccb07af6c8b2667d5d5013b9fd25e7ab33206ab7152a8d759edaefd9
straeto_rauntimagogn_2025-04-06_01-44-33.xml,a95a98e222e99c629c1d204cad98a706680fe4eda41325c38c0d542e3cb36b15
straeto_rauntimagogn_2025-04-06_01-44-38.xml,5d24011aeff897e20f4dd21a1c126c6012aa12645f7896e914dd646419d7adf5
straeto_rauntimagogn_2025-04-06_01-44-43.xml,44c266e06a85b2e11bd5d85a354c5ff71f80659f281e15a693315aa834218ba1
straeto_rauntimagogn_2025-04-06_01-44-48.xml,1f3f19296e60c33d3a71b3b210b38e563f758a24d8ec32c3fd84e66e031f3001
straeto_rauntimagogn_2025-04-06_01-44-53.xml,66a1fe7b74cb1ff8641713302ce4bdbae39a97d009c3cf1860949f922057633a
straeto_rauntimagogn_2025-04-06_01-44-58.xml,bd6cd480d74119676672eacd9f5e926a5dff02c8356f7055ed571d3bbb1e2d82
straeto_rauntimagogn_2025-04-06_01-45-03.xml,8f3064950c7853ddbd46cc61cc8cf61c13d4074f951ab074adbd6e17b17cd690
straeto_rauntimagogn_2025-04-06_01-45-08.xml,a8809da1518dfead8482452a0c0d10e0e60f8b65cba6b18c146823ef6b5f0c55
straeto_rauntimagogn_2025-04-06_01-45-14.xml,4b0fc149c162939a2683f8f40d1731f7996840dfebfe5a9374429d37120260a5
straeto_rauntimagogn_2025-04-06_01-45-19.xml,5e1b84066e5113b1cf23502c1f550857f435fba45ce2e9e8d170127e18f24f36
straeto_rauntimagogn_2025-04-06_01-45-24.xml,26600342ce24f5645cfbb0097f05826218d81fcd25d2c92d88b50fc33e10a0df
straeto_rauntimagogn_2025-04-06_01-45-29.xml,00dae999f2ff7cf91a724fbe59ec7991af6aab526cf844a342be59f1cc731b41
straeto_rauntimagogn_2025-04-06_01-45-34.xml,1a381b402222a2b25410184cb82d6433c3beb06a4dc2fd3c6a94c68952de2a73
straeto_rauntimagogn_2025-04-06_01-45-39.xml,b56a648c0930f33ddf66731f5992fe7e821c4777091b4e3799d8ca6877bfca77
straeto_rauntimagogn_2025-04-06_01-45-44.xml,4209f94c5c282ece979806a5053bee4dcda0cd7b261d2fbf67a1b22b4f216ec9
straeto_rauntimagogn_2025-04-06_01-45-49.xml,850035a0094a8d823dc2f5771f1ecf7d848667aaa58dec8cd550e1ab724d8e44
straeto_rauntimagogn_2025-04-06_01-45-54.xml,bbed8725f6aabd3b11364b6585800192143bfc70962cc49eb9cc488f887e2d6f
straeto_rauntimagogn_2025-04-06_01-46-00.xml,a351b06f61ff720a02727f389becc50af712434951107beafc1ad263a1353fac
straeto_rauntimagogn_2025-04-06_01-46-05.xml,17e7e16c4a3e147b69f21b026483b1a7da60bf46d6ca37f7c492212f6d065bc3
straeto_rauntimagogn_2025-04-06_01-46-10.xml,a1713ea2ff7ca18c4a4fa73496b429525ab8f7bc81d2ada59905410ef427f375
straeto_rauntimagogn_2025-04-06_01-46-15.xml,4a49625f4a3d570120c68b48a25adedb65e7d85ffa26a6d810e75ef24d2de08f
straeto_rauntimagogn_2025-04-06_01-46-20.xml,c6889ac503b13d6d42e472835fdaab4edc7829185ecd9ebb80a0fd0fef3ded49
straeto_rauntimagogn_2025-04-06_01-46-25.xml,21959f415e55e3534af8f6c058ced030c10d11613f8542548463286c490d0c7d
straeto_rauntimagogn_2025-04-06_01-46-30.xml,00ddee5f4be0f3d3fa816b2526fb134cb944dbf702d7c6a160347a38e23c4586
straeto_rauntimagogn_2025-04-06_01-46-35.xml,f769a46325be5edfab85001b8a24dbebc38cf7f48e3a6cd18ee4da4b32a09478
straeto_rauntimagogn_2025-04-06_01-46-40.xml,254aab18dfaaab2fb7c18d8bbb09de658bd3cdbb61626d02aa189f82f33b0f7a
straeto_rauntimagogn_2025-04-06_01-46-45.xml,4121dd258acf0edd60e2abbdf7770f677360feef2ea3c5e149abbc440635f2a6
straeto_rauntimagogn_2025-04-06_01-46-51.xml,fd39a5199ccc0d0ca417342c9424c88b04492b136fc33060196a8ad3c0efbe4a
straeto_rauntimagogn_2025-04-06_01-46-56.xml,3fea9dbda7b6d6251ff369fd1c9323f1f2bfe7ff22c532f7b81b4baec022221d
straeto_rauntimagogn_2025-04-06_01-47-01.xml,6301e821281a63518fe0bae5bc3270a43c84bfc379aded155be2e594c08fa955
straeto_rauntimagogn_2025-04-06_01-47-06.xml,349080c92a08ba74917a9eb5c886af422912de2f446018b678045764c2ee5bd4
straeto_rauntimagogn_2025-04-06_01-47-11.xml,4d7629e140032759f3bea50ed820cc778109d71546a6dd3960e6f08b072de89e
straeto_rauntimagogn_2025-04-06_01-47-16.xml,93f43fce9393ff906b8bf4cfa101050f5b2c9584da5ab0f9fcf1fcd73d6a2339
straeto_rauntimagogn_2025-04-06_01-47-21.xml,f0540fea2bbc59a175a6b6b1c23c3b3b121f58ebf3ea854777a318993e64ee37
straeto_rauntimagogn_2025-04-06_01-47-26.xml,8221317456eb8327fcce73434db67a441ee84dbf0d785e25ab3662c2e9acaff4
straeto_rauntimagogn_2025-04-06_01-47-31.xml,2aa3bbd9654d54a9cdd8ee1dad2c74259808538de9cc15a5ce4208b480cf4a72
straeto_rauntimagogn_2025-04-06_01-47-36.xml,92267c39482c848f49cfa15292a0262f25a6dee5c158d19cec6fcb566c701c6a
straeto_rauntimagogn_2025-04-06_01-47-41.xml,b1ab469af81fec8bf0cea46993cfa4e8a814c44c789d04f10ce58e0fbc29a00a
straeto_rauntimagogn_2025-04-06_01-47-47.xml,c62889d733a8c4a09387633ec316430b125abe7b14f5a539aed142e0cf0fce28
straeto_rauntimagogn_2025-04-06_01-47-52.xml,d1a498aa0c1fb5cc313b6f5491fa9732bbae8aaee57fe05571aa4470ecc8aa33
straeto_rauntimagogn_2025-04-06_01-47-57.xml,dec72b4ca33a35f0f110e3c3b64fcdf2503b362fedd19458639243b2e838951f
straeto_rauntimagogn_2025-04-06_01-48-02.xml,0942663d8bab03bcd13724a6cc4a905c000e46c8c03074d26e36df4b14eab6f4
straeto_rauntimagogn_2025-04-06_01-48-07.xml,315010f85b23999553c4b1cadc42afb5b440e9985201f5e6d40b3f138ce62071
straeto_rauntimagogn_2025-04-06_01-48-12.xml,6a524ad375ea4130b7c9c60f0f701a7571fc6d70687fac1397c29cb75d22be04
straeto_rauntimagogn_2025-04-06_01-48-17.xml,7eb4f61b8fc503890d08a0652e01deb8d5c16b619cce1898139e97fa48e2e3da
straeto_rauntimagogn_2025-04-06_01-48-22.xml,b70b685f087d784deecd0b7b966d2f686a6692bc6a398e437cca5724f8fec314
straeto_rauntimagogn_2025-04-06_01-48-27.xml,540759cfadef3787100ba79e06d3339c265c170a092be980c6852260c5f9b0b9
straeto_rauntimagogn_2025-04-06_01-48-32.xml,2decc6bb346ca0f9a8e1014d3c9b2f359eee76c2ab391c5bb8facf3bd3054669
straeto_rauntimagogn_2025-04-06_01-48-38.xml,cbfc1b0b57c09cdc6fcabcef841844faff452f468578594230bd33178409f74c
straeto_rauntimagogn_2025-04-06_01-48-43.xml,2bc3e7e9cd1dc9de4e30101bf015709f88ed4d42de6b6f2eb8e7d353b2831253
straeto_rauntimagogn_2025-04-06_01-48-48.xml,84cdb431b464e42f5713f58863d535c26a0ffd1a8e017ccb0bf5b967650ab3ad
straeto_rauntimagogn_2025-04-06_01-48-53.xml,aa59b1048b470586bee4a9ed2fb8dcb50dd40a8033980cb7012179d32aa419ce
straeto_rauntimagogn_2025-04-06_01-48-58.xml,02f34afd8043a1fffd911141ed470f634f41d709bde332ba6cab88611fe58403
straeto_rauntimagogn_2025-04-06_01-49-03.xml,ea4d71a58b056cda572d460c0ed0ef0cffa5cf1b83b919b7d7dc2ba3be259b9d
straeto_rauntimagogn_2025-04-06_01-49-08.xml,ea32002fbe1c8eedeed075ac2d9e13bfa311f7d76349d45b38d9ff08669cd922
straeto_rauntimagogn_2025-04-06_01-49-13.xml,a6db72afb4174d1e8831bccf26d39dbfbbf5bb2af5e731268a00d26506da569a
straeto_rauntimagogn_2025-04-06_01-49-18.xml,94eb83a006a2bfe766ac135bf592c914b9948143f9c666f53fe9a6e96346c9f2
straeto_rauntimagogn_2025-04-06_01-49-23.xml,e17d06b902611dcee5af81eaa0cc2f3ed23dcb8fb7b778b7854fa37a7e9b7dcb
straeto_rauntimagogn_2025-04-06_01-49-28.xml,dbae7a5524206b61a341daab0a3421a09a4a8065b25f3c46013a444cce76e23d
straeto_rauntimagogn_2025-04-06_01-49-34.xml,8ed31f5b28d86816ef0fc9995126ff7de3616134356bcdc385ccaaa5a0b83658
straeto_rauntimagogn_2025-04-06_01-49-39.xml,7e77ea7ec24cfdbc17bb11ed1e25c603da256b836be0e4e03ef77458b3869f19
straeto_rauntimagogn_2025-04-06_01-49-44.xml,70fbfccf056d4449ec0fed2874aab8df0c001857bc8ea5015d630c82d83bac93
straeto_rauntimagogn_2025-04-06_01-49-49.xml,e17d956d235c04b8677abd99a6d040f98572693485dd9d20d78d5b64bca76118
straeto_rauntimagogn_2025-04-06_01-49-54.xml,19e1d7ed0d01d6dde45e5f77afe7fb7625219d20a6d9c338fd6b28eb98c441bc
straeto_rauntimagogn_2025-04-06_01-49-59.xml,7a63e5eb33cbedbbd65e7ee934d09863f194c1912a00579ed0d8b04ae9b0d012
straeto_rauntimagogn_2025-04-06_01-50-04.xml,287c8e3573259b1021d184497db6320f44155ee12f4e10bd035865e38ccc4cad
straeto_rauntimagogn_2025-04-06_01-50-09.xml,23aacfb3aadeadb1037f49d5948f9175fe89ea9666327f33264c6658adcbc643
straeto_rauntimagogn_2025-04-06_01-50-14.xml,ef9eb4b078ddbf427909717a278d7bd10ac86c9cb171395f256461d5ccf654d9
straeto_rauntimagogn_2025-04-06_01-50-19.xml,c1371794acf692063bf356652d1b3b2bbc915920f538ce13f5150a8bf5c1dec6
straeto_rauntimagogn_2025-04-06_01-50-24.xml,602dee685522a50d1d792d46362d2ad9eeb7cf82c025d1c82ae2c040d4e681bf
straeto_rauntimagogn_2025-04-06_01-50-30.xml,ca9604419159f412ef6222041e027005c0d33c824546aacb40505304221278db
straeto_rauntimagogn_2025-04-06_01-50-35.xml,e04adea1b7eb720600676e578dec40b8db566b679266cc5bfbe1922cc415c592
straeto_rauntimagogn_2025-04-06_01-50-40.xml,2e8124c01b71966b88bd24e8435e920de53cb156a2c67ec747c17b6f952bb273
straeto_rauntimagogn_2025-04-06_01-50-45.xml,cf10fde1041a3f7bbeb81a14b5e3b5e44a0584412088418ebb4dfd583aea38b5
straeto_rauntimagogn_2025-04-06_01-50-50.xml,d6fd925358f82d99f2b8027a6105f6b37ce73e9b4d34c82f4bbd30162eebaa50
straeto_rauntimagogn_2025-04-06_01-50-55.xml,1fe50308b94d31d2383908a43d4354585fbf744224adf66ae063d7ed3397dbaa
straeto_rauntimagogn_2025-04-06_01-51-00.xml,84ecbf66496db8915a3efa186275e8f97848806961178ddbe90504431c9b775f
straeto_rauntimagogn_2025-04-06_01-51-05.xml,04a5bab06cadb32f0edec6bb73041927562b220b6f69b9fdf53c953248bf7957
straeto_rauntimagogn_2025-04-06_01-51-11.xml,9a143f992b759710d0fe06ad8567f923fcb7bb94f105fdc72c6854959491504d
straeto_rauntimagogn_2025-04-06_01-51-16.xml,377fff445e9dc30bad1a4dc010040d214824720c9d0f018532c470896d13f3a6
straeto_rauntimagogn_2025-04-06_01-51-21.xml,87aa43ea76208004a1f3e912854c62aa2862a019dd654651926ec2f61df8b2c6
straeto_rauntimagogn_2025-04-06_01-51-26.xml,5b8ffe995a6adf155d5e2b0af66def72d3289247301e2d41672b73dc86f2e29c
straeto_rauntimagogn_2025-04-06_01-51-31.xml,62dad18ce7dd7209af3044496d8428fe59aa7ed55c0effb288bf1f2da62ef368
straeto_rauntimagogn_2025-04-06_01-51-36.xml,6eadcac71cf689da1a99f8b33fe5cf11eac33c9089bf845efb05fbf53a7127d7
straeto_rauntimagogn_2025-04-06_01-51-41.xml,9915099f7359e38d52a7b3330d91c054c24762f443586c72850330555641cb2d
straeto_rauntimagogn_2025-04-06_01-51-46.xml,3d195d5ec3f21c478bf1e49cb41b4c5a8d4a75997d77f8c12d32751e28bb15f0
straeto_rauntimagogn_2025-04-06_01-51-51.xml,a8d7466fd533ba7e48fa2b8ea6f84e70bc1ddb9d0dd711f886a40e8cb26f46f5
straeto_rauntimagogn_2025-04-06_01-51-56.xml,43928d3a8b82b748e0b1ec9d9668892571536f3db6b1277d8120067bd0d7604e
straeto_rauntimagogn_2025-04-06_01-52-02.xml,4fdefa813d200c3c7c6e34f9c4e5a23cff136a1628258cd59a716258b381d21d
straeto_rauntimagogn_2025-04-06_01-52-07.xml,c08916cd75863aad9f93e4a12201e4f67a8a58e8b4bf65c0bf77045ffc3cb4cf
straeto_rauntimagogn_2025-04-06_01-52-12.xml,256190617ad48708972e8403294471b24654d134637738e4f7849a0bcae0a5d3
straeto_rauntimagogn_2025-04-06_01-52-17.xml,4dc41170c2c45ec6b59349f93652a7f3123ef430491fa4323f735b5446ef6e22
straeto_rauntimagogn_2025-04-06_01-52-22.xml,e9d1dab41e211e1d97c3f442c48db1c29cf6c9c3f7de85ed975eee437eb02ffc
straeto_rauntimagogn_2025-04-06_01-52-27.xml,f9d3c63150f2a69af0386b30312a595542acb05624e669b22ee4d43c31bbd128
straeto_rauntimagogn_2025-04-06_01-52-32.xml,b335aee9a678eee272dadab6e78e9c0672e6a3e5de2efdd1f858c1e2e18e0501
straeto_rauntimagogn_2025-04-06_01-52-37.xml,d4de2ef052f36414dee5fdb84a896a49f3c0515b78923e75ae5dd247bd4a8119
straeto_rauntimagogn_2025-04-06_01-52-42.xml,3ae32e1ce87f8d79e989874860d8130a15d8287d52d8e02f34a64216c9250868
straeto_rauntimagogn_2025-04-06_01-52-47.xml,ea47085378f82044bbadd6c5a6479c7a4810178a860541d0b2b952fa30076dd1
straeto_rauntimagogn_2025-04-06_01-52-53.xml,9b1987ad76d5bd8b3be7dc9bbf69ceafdc2da7553e3b3c2981a8e5c04886779c
straeto_rauntimagogn_2025-04-06_01-52-58.xml,eb08f02934e44805a2e52e0f11d7fd5b09616100c1ddd808f4a14e9564999357
straeto_rauntimagogn_2025-04-06_01-53-03.xml,08687eb2a251daecde3232c4ad116d3116cf78b057a1845af67a863a62ab84b4
straeto_rauntimagogn_2025-04-06_01-53-08.xml,d3eb85c97eb9d9fdba3645bcd42371a869747dd1cb472244f61bda94213c0b3d
straeto_rauntimagogn_2025-04-06_01-53-13.xml,a84f2364be66be177072a1d04472162326030cba7a885686c66d7d8da5ae15c8
straeto_rauntimagogn_2025-04-06_01-53-18.xml,35ac5c2d238895679479923b1d109f086b59e18a1dafdaf402ef5b81662bebf3
straeto_rauntimagogn_2025-04-06_01-53-23.xml,12c4b70f9ccc6b17ec838cdb934a46b4e2a4d4987bd3643ab41aded54a331e8c
straeto_rauntimagogn_2025-04-06_01-53-28.xml,38955436066b32bd06dc40e99afe5a5c828b6251bf5d5aa6488d98b8ea355e95
straeto_rauntimagogn_2025-04-06_01-53-33.xml,795b2f3b0b5a13f48475c2fc1434eef6ad6781c2c9510f596c44890e9f45c61c
straeto_rauntimagogn_2025-04-06_01-53-38.xml,9fd89a25d35b33f04cc0de70c9bcd80f3eae51a2278aad36c51daac7bb7a13d1
straeto_rauntimagogn_2025-04-06_01-53-44.xml,66594d10d736a07d79e0589a10de8d4dd95a0edf387ba19aeb5def6140089ee6
straeto_rauntimagogn_2025-04-06_01-53-49.xml,0f427806c4e12d254b1a3fed569bb184f2f1e748355bea7e588e3174704dfd31
straeto_rauntimagogn_2025-04-06_01-53-54.xml,761cf49854aa4d64720a8359d7324933e7a69179b6eb63c8cb27cae6f8c6b2db
straeto_rauntimagogn_2025-04-06_01-53-59.xml,4f7b71f32a0835678366f6a02fd9eb55796c79174c9ca49786b347f2c88780b0
straeto_rauntimagogn_2025-04-06_01-54-04.xml,f4d63e82e1d9c6691af26fecc64a40a12767409834b0eb32b85478e1bc74c3a5
straeto_rauntimagogn_2025-04-06_01-54-09.xml,363ba26ce3cf68152d86662586d939c1b73509a9a962c6fc6ada5654289a7f88
straeto_rauntimagogn_2025-04-06_01-54-14.xml,9259e6c4d8b53125c38fb40b0bd2c1c3a59ea207b20b79103e9e430b05afcadf
straeto_rauntimagogn_2025-04-06_01-54-19.xml,6822575080f55fbfd5e3a2a3c24a669fbd30c13beb7d823d8fd1a721990c0a3f
straeto_rauntimagogn_2025-04-06_01-54-24.xml,b1ebe2908eec30abb62b47b3b77dd4baa37f7806ed1f340f9c60c74f735e76e2
straeto_rauntimagogn_2025-04-06_01-54-29.xml,8dbcbb9c853a7ac3830a6ee2f7eaca0fc79f5281bec070a0ec2a68d46064892e
straeto_rauntimagogn_2025-04-06_01-54-35.xml,5d9907db7ab3216c643c92e1ad91b2e5c03381b24d234808ed7e5e0a0ab9fca2
straeto_rauntimagogn_2025-04-06_01-54-40.xml,cf5c578d98e30c974e1e694f4b3b0b86372c8b6c997278aa972e0ab6c3482c7f
straeto_rauntimagogn_2025-04-06_01-54-45.xml,6d1b684192ad0ab920151bbbdb3b7012da6d8edc135a9d57d6c7b031c2935f65
straeto_rauntimagogn_2025-04-06_01-54-50.xml,75a319e001ce6d1892922a8d000914f2096e867ee58f6f3ba646195623123d34
straeto_rauntimagogn_2025-04-06_01-54-55.xml,d76f03b1b6474d16eb586d82442ed3f1fd9b6ae42f72b7fed6c79abb30993a8d
straeto_rauntimagogn_2025-04-06_01-55-00.xml,2d96261121d0a0ed9e0b26083580db30d8c4d8bb1b96c7c3ce3ef0031300ec09
straeto_rauntimagogn_2025-04-06_01-55-05.xml,13e9645a23580e68d6a68daac0d79989ac08c2cc6d514e4a5f7421b37409dd9e
straeto_rauntimagogn_2025-04-06_01-55-10.xml,a7a34d631433885e73c9f900095aae11ab21d6737d33db6ab3f8d074bb322456
straeto_rauntimagogn_2025-04-06_01-55-15.xml,c7e30e99c940ff980655939fa7c566e259a65b4c52c1d7bf6ee847ef7c7d62e2
straeto_rauntimagogn_2025-04-06_01-55-20.xml,4c5ba388ba43ae2b41afe6a3208ab12d0ffcae87a00dc613b8744b4963388b5d
straeto_rauntimagogn_2025-04-06_01-55-26.xml,6a409e5a0228ced7262017c4dbe42af5ac9ebb3dd4e18b477406cbd6b2b3b41c
straeto_rauntimagogn_2025-04-06_01-55-31.xml,f5d8730a75615af056d2e77d4d0e663df14269b540636c72a4de490110606ab7
straeto_rauntimagogn_2025-04-06_01-55-36.xml,dd34ba3cde272c75c26f1907f0e391cc03da37294fa2378fb47905dd1f875741
straeto_rauntimagogn_2025-04-06_01-55-41.xml,0965a7e4b671db3da8b1a7f6b698924eb0400acb36ed9d6798f5bc1a58e20602
straeto_rauntimagogn_2025-04-06_01-55-46.xml,6a81777082fb9bb2e6918fb5d7012f4215824f3f329e79a83f2f85f445f590f5
straeto_rauntimagogn_2025-04-06_01-55-51.xml,55f3fe9646f3846b2a2dd264ca3b25262b30055b8df05a0325e20eaa57413a0b
straeto_rauntimagogn_2025-04-06_01-55-56.xml,50766757716e14156e7d1f5020b130cab8e7aa2ab022d66cd7d04bbcb7eebe68
straeto_rauntimagogn_2025-04-06_01-56-01.xml,34ec6aa7d8fa4de5b0899ad1d391ad4756147d9bf94d4cdd618afc02740249c0
straeto_rauntimagogn_2025-04-06_01-56-06.xml,243fa6626f7a461845fae7876d00b518b30faf37591051f5cac2ddb68b89a7dd
straeto_rauntimagogn_2025-04-06_01-56-11.xml,0427990cbb8125eb62139a6dbd8e243b885659ed53af993bc5bfa440a1888e86
straeto_rauntimagogn_2025-04-06_01-56-16.xml,7a13ecf48a697610891c8046c9783c8f26b9d34210cc967486120df78fe0008c
straeto_rauntimagogn_2025-04-06_01-56-22.xml,b3cbaab90826ec0fc7c38a753c7917c35007a3c0211e5d2fb4bf2e6182edbba1
straeto_rauntimagogn_2025-04-06_01-56-27.xml,ef048bdfe7774f5ee4a3bbdec16450adccb720156d59f77f34642a0256670fc5
straeto_rauntimagogn_2025-04-06_01-56-32.xml,918462ece1d61a212c68546f550b0712376366532dfec1042fff0d9280f0a795
straeto_rauntimagogn_2025-04-06_01-56-37.xml,45de8ab3ddaf2f3668805304b48302cb4839483f97928f3929bdba8af54a554f
straeto_rauntimagogn_2025-04-06_01-56-42.xml,2b590b272a329f6039633352c75aba18f7f32e8e89b1d927152edc3b11a70ec9
straeto_rauntimagogn_2025-04-06_01-56-47.xml,8d6651008f05961a242e45b164764febf21c607cd8682cf1a123b3e6916876a1
straeto_rauntimagogn_2025-04-06_01-56-52.xml,1cfabc2ea354581e42d88a47cfa1049da5bc4db997fbd55debb3e2ea18a9c720
straeto_rauntimagogn_2025-04-06_01-56-57.xml,9f40894b75f5a43b6a43378f100c288b09054a3374824a74ba9d9035a745b56b
straeto_rauntimagogn_2025-04-06_01-57-02.xml,c5f6f3bf3fc7983850f025de99eb30260d2bfdff74998397187a0d14e672757f
straeto_rauntimagogn_2025-04-06_01-57-07.xml,885ba225dea78b32f7db537d98aa1d34c6857731848e2ac7dc362c6ebac05f6d
straeto_rauntimagogn_2025-04-06_01-57-13.xml,c5391e6d0c7a2c5c4ef05176c46ea5b9b7ff81dbfd6b13a050092e48c431e9c5
straeto_rauntimagogn_2025-04-06_01-57-18.xml,c4ed4b41adbc9e748d7271c3e5721964edab18dc27936a49ebfce59855fe1839
straeto_rauntimagogn_2025-04-06_01-57-23.xml,d11232b1fa3392c9cf2624c5d63f812ef5ddfdf365aafdef5408a46ea015d1d7
straeto_rauntimagogn_2025-04-06_01-57-28.xml,73940e9d357d9ae12fc98f3e8c9ac525ad61f3073dc85b84d68cc4bdb0e40ec9
straeto_rauntimagogn_2025-04-06_01-57-33.xml,6a99cb9113686cafe5f59625199c3e596227a011f8683fe964a01c899d1313e8
straeto_rauntimagogn_2025-04-06_01-57-38.xml,5b4108e7cbe0da2716095b5c50d8cc745a0de0bb982db7ff06dc13528b5f1b90
straeto_rauntimagogn_2025-04-06_01-57-43.xml,0b515e992d6ef9d0b247c2b52a4dcf99a8a38affbd4ed4055b5ab6d4e6822b1e
straeto_rauntimagogn_2025-04-06_01-57-48.xml,c7a5829fbf3f539b3140925373f37f75792605e73519dc80ea6101f1519ad1b6
straeto_rauntimagogn_2025-04-06_01-57-53.xml,eb8b3f420d011e8f1164f405d3b14403ad3bfe5c4cbb205b49dd89cfd6aa48c6
straeto_rauntimagogn_2025-04-06_01-57-58.xml,c3584baf97c12f5bd251958e0dd607234ffe96b5fc67d000268f88db646466ba
straeto_rauntimagogn_2025-04-06_01-58-03.xml,b9493a6cd6f9c2c9e3404861baef2573555010f3bc23c9654f9208ce243e8e99
straeto_rauntimagogn_2025-04-06_01-58-09.xml,05bc5cacfb07cb65b9823dfb201792256bfc729c53741609b5b197af20fce5cf
straeto_rauntimagogn_2025-04-06_01-58-14.xml,e0724dbcd3b2cb74139999fa182733b8b6a73a2958d2f8e53932d014ebb8e78f
straeto_rauntimagogn_2025-04-06_01-58-19.xml,8b6af5eae616814943bae4013f8d16383e4ca13275d08cdd2ea43245a5ea89c5
straeto_rauntimagogn_2025-04-06_01-58-24.xml,dee3f5245b296c2fed058d5ec82022090fc04c382c0e52619dbfca5c26bd2116
straeto_rauntimagogn_2025-04-06_01-58-29.xml,3bf0a013eb2c4ff92ab0aae1fc86acf3df9bf9dd023cea723da3e98b0dc0a587
straeto_rauntimagogn_2025-04-06_01-58-34.xml,48826f13889316376b7c0f30d97ee326aeed669731fa0056ac9386127647f6a4
straeto_rauntimagogn_2025-04-06_01-58-39.xml,3f17a2a3d6fabe883bf1a4d862c21b1c9c0b4c5211fc1380b3ba6b2659681e2b
straeto_rauntimagogn_2025-04-06_01-58-44.xml,df570d993fcb6120ded0d82ed5fba67bc7ae5bb4ab6f09ea0966aa593be012f3
straeto_rauntimagogn_2025-04-06_01-58-49.xml,d00bb8fa98c0bf5db83c9b918ff46b5d7a9bb64066cc6cfea0e436b35d88416a
straeto_rauntimagogn_2025-04-06_01-58-54.xml,cf1951f36745726dc6046c3033b57ab25f9b8eff421ec9446ef5f8930bf65b80
straeto_rauntimagogn_2025-04-06_01-59-00.xml,2e778abe27aa2aa84361f83ee4b3869d2b56d9a8b17e08ea5a63374507c6a136
straeto_rauntimagogn_2025-04-06_01-59-05.xml,e6037de9d39150abd68f45f870a8ea4caad23ebc1cf1a37cf459e7e8f0881543
straeto_rauntimagogn_2025-04-06_01-59-10.xml,296bdc97d12df02c36d0346b3a9fb3980ed9787d4838f799a287a24248537407
straeto_rauntimagogn_2025-04-06_01-59-15.xml,2e2210c41cb55853b97a33e6962a64cc2124a939c6b1ac41a9ef68c194203918
straeto_rauntimagogn_2025-04-06_01-59-20.xml,588c3776df193eb9a9615a0e4afc05f975a363e0682d9e963e29d29d750daa1c
straeto_rauntimagogn_2025-04-06_01-59-25.xml,b6dd17adfcb2a03556219acb7f86e0a338d1ff76ec72800856668b3d6c79ce03
straeto_rauntimagogn_2025-04-06_01-59-30.xml,7ce6cf8c0d8d93050962c9162a4edacdfeef88a4020bbaff3b7a5f112375da7d
straeto_rauntimagogn_2025-04-06_01-59-35.xml,a1a03db22de3e5fc6eed1b1aa644f08185498f5fc5a26098793b4340580c23f9
straeto_rauntimagogn_2025-04-06_01-59-40.xml,b11fd7bdf432c01805eb5da229f469e28a0647c4640ecabce489bff1d52524aa
straeto_rauntimagogn_2025-04-06_01-59-45.xml,3d74c715bacf5efbfc5c0c0c61f81b53572b5e10b5b093a51c9602ec6964a2eb
straeto_rauntimagogn_2025-04-06_01-59-51.xml,d64720ed7a4fabb406027033ca90c7b856482b756d6016d7e57fe08b59f8c78e
straeto_rauntimagogn_2025-04-06_01-59-56.xml,48f43843c9107213891ecd123b77bcb92286f27d3324ed0cbf1031249167e7de
straeto_rauntimagogn_2025-04-06_02-00-01.xml,d97d3cce862334b52f6499c12919cb6741a00bc90f14e20caab5c6dd2d021b98
straeto_rauntimagogn_2025-04-06_02-00-06.xml,ce1e36dc97e21b5f4558ebb19bf97967224dab5a4a7440a17d7eb9dd75f09c53
straeto_rauntimagogn_2025-04-06_02-00-11.xml,3ae68becda2586114d10ca05a89c170476c251d331089182c5fe898c550d4ba9
straeto_rauntimagogn_2025-04-06_02-00-16.xml,274042fa3ec18003c7fe640f999d9d8359ae6ea69edbda974764e3fcc34af9ea
straeto_rauntimagogn_2025-04-06_02-00-21.xml,ea228faf81e960ad79b4255340039d417ef3169bc46ac2ae6467c9679a6ea290
straeto_rauntimagogn_2025-04-06_02-00-26.xml,e34a6357a21f223a8f186b1aecc75862481c4a9daeef9236dd5690c0a27d1160
straeto_rauntimagogn_2025-04-06_02-00-31.xml,54ee0d91220db9bb841743f778c8b6cd7a281fecf4d12782c247e806da8ad320
straeto_rauntimagogn_2025-04-06_02-00-36.xml,f7da6a73e0498257cd7a3b131b2ce852eb15cdf4d12e9bf617a6a327d6470f87
straeto_rauntimagogn_2025-04-06_02-00-41.xml,09a9c19a160c261f5ea34db485ca6d7fdf80828b51f132b66ec32768fa632b63
straeto_rauntimagogn_2025-04-06_02-00-47.xml,0f58078dde25a60e5655ad83e9ff0ba304a1860a2b6010884d370307116e1ad5
straeto_rauntimagogn_2025-04-06_02-00-52.xml,858984886a5e0b2577cfcd0a1318365fcaf9cc1292979e567421e718cfe316e4
straeto_rauntimagogn_2025-04-06_02-00-57.xml,2aa7e834a59aa2b7f7614f35f4bbb06ddf8b9250b0685a68aa657833baf294f9
straeto_rauntimagogn_2025-04-06_02-01-02.xml,5928b097032378ffe31adadb227099cd4c90bdb5dfd246174fd6f7a10c3a1b9c
straeto_rauntimagogn_2025-04-06_02-01-07.xml,a3e31c2dc2929dcb5bd12c7f93a0ff9f649ba0e58a8fc052ab93cb3cf2fc4c1b
straeto_rauntimagogn_2025-04-06_02-01-12.xml,cc89ec13ed95d5bfe512c8b882047dc66cbbb71040178b053332382e0a193091
straeto_rauntimagogn_2025-04-06_02-01-17.xml,207414a4a4191feac886509d3f8373a6e9705c9ce73c9306103c6a37497b4cbb
straeto_rauntimagogn_2025-04-06_02-01-22.xml,f915b344174904baa1624fa99ba06d7a44350aafce8ddb9475c51f72789b2792
straeto_rauntimagogn_2025-04-06_02-01-27.xml,ad5a13e2ae9faa63c50431e6f11b8e4c8561d72b36fbeb016bd9212a84b108f5
straeto_rauntimagogn_2025-04-06_02-01-32.xml,86a1adac9fbcb291d1b67cf88d736114a8b70a1cf98cfffdce679da95e0733da
straeto_rauntimagogn_2025-04-06_02-01-37.xml,82455fce559dce789bf439b4cba7e4a9d9ae7e122d38568748e9c038eb32a9f9
straeto_rauntimagogn_2025-04-06_02-01-43.xml,e2322fc1ad9e8f3649572477162c9fd39b53131ad9e10c598999c525b622b2b4
straeto_rauntimagogn_2025-04-06_02-01-48.xml,cc17c00aaa3dbaec131a8befe69bfb2c7f7c0a36895eabdc9cfb2e46778a70d3
straeto_rauntimagogn_2025-04-06_02-01-53.xml,b711e75b203bc79958ea31fab4582aa05e213cf3ce5154cc142b19741674af4d
straeto_rauntimagogn_2025-04-06_02-01-58.xml,5d37afb8065b3e7c0e0312827491c5c6499274194aedd6488e19152cbb2fcc16
straeto_rauntimagogn_2025-04-06_02-02-03.xml,b90b418274e29ab416b8979f99450e28d3359d80b3d717499517de1faa7ee935
straeto_rauntimagogn_2025-04-06_02-02-08.xml,607d00543a59a8d004ba61b1743bff5c2d61e7a78d654931d52c9ca25153526f
straeto_rauntimagogn_2025-04-06_02-02-13.xml,1e1b65bdbda3baf62cdaf7bf961d4c4f20366bea43dd200fedc54870170ccadc
straeto_rauntimagogn_2025-04-06_02-02-18.xml,a85a53a8f3ece614ba72468dfbc5c0176bad700a43ecae7e19faacaffab03c93
straeto_rauntimagogn_2025-04-06_02-02-23.xml,059848181ee203c8e71a53f6ca19558beb0f85a25e7ff9e84e758ca3e9481823
straeto_rauntimagogn_2025-04-06_02-02-28.xml,635d1cf7dd703e4cd02f9a40ed757ca4b5795a4a3b49795987c324039ee2fd72
straeto_rauntimagogn_2025-04-06_02-02-34.xml,4ca75f919d890386c9f412444f7b1103f8dededefb1fe34a6c553a98010bce59
straeto_rauntimagogn_2025-04-06_02-02-39.xml,a9bff7c7db9888cbba90f46e6e37cdbe44fd59376f2803bf9e8238cf8e7a4081
straeto_rauntimagogn_2025-04-06_02-02-44.xml,9b2e6521ac5fdd7f050fa14816851837de57ace0045e7841f6c542b2fe16e406
straeto_rauntimagogn_2025-04-06_02-02-49.xml,6ff1d93a0595a46202e9663b29c3195ec4b55fec4858fd58fbb7567bf867e331
straeto_rauntimagogn_2025-04-06_02-02-54.xml,42213742b3c353316155cf9d50dd1aebe18027aa304d90fee6da1816e2a1c000
straeto_rauntimagogn_2025-04-06_02-02-59.xml,8ad0d5acd5cc33ab61af5566215813dd4724229f1d1b7e3cac3c726406887282
straeto_rauntimagogn_2025-04-06_02-03-04.xml,13f0c14e5ee5ce2f8b74baa78c66a1af4069017b3a7c5587e33a97ad23dd1a44
straeto_rauntimagogn_2025-04-06_02-03-09.xml,9921484b8cf582101538688fbfcbe26c0a9519c819dc9ca38108b6363123f08b
straeto_rauntimagogn_2025-04-06_02-03-14.xml,a49f9feef54dceae2a3fb43f62e5674d304d9189ceb783d27c2c03ab0bf8ae5e
straeto_rauntimagogn_2025-04-06_02-03-19.xml,0a3ce7ce08b7e582602411793121d12a37efd1ec09bff1ea95658d2087f2d1dd
straeto_rauntimagogn_2025-04-06_02-03-25.xml,ebdeeee1505610a1035db1520ea98b3c9b4cf78f15e778eb41d9bf5805a4d946
straeto_rauntimagogn_2025-04-06_02-03-30.xml,860be12bdec3eed7607cd9112dc503907d4ce260fa06768e00c036a6d3fe8890
straeto_rauntimagogn_2025-04-06_02-03-35.xml,0b0e5ad354902250a68c73c0d8e6a5581d46769f272e69c4bb5aaf87564f835b
straeto_rauntimagogn_2025-04-06_02-03-40.xml,f414f3331e23867cf44450543eee82abfaf0ee22faa59f893e9ea34c27413149
straeto_rauntimagogn_2025-04-06_02-03-45.xml,dc5e0f59054be858a44e9e936f93d02f7dd4a1c9242b1a88e8ebef3695489e81
straeto_rauntimagogn_2025-04-06_02-03-50.xml,a994455f7b315515d54e6d0afcee62399700f0ee0d25eb0d845541842aaae3ac
straeto_rauntimagogn_2025-04-06_02-03-55.xml,5cb215bfc7b054df727255ca4800df52a888b47f32dea1293fe0769f8ade9b86
straeto_rauntimagogn_2025-04-06_02-04-00.xml,3de1095130a382fd19867502381642f61b53265af4cdfc8b5153c65e0a6d95d4
straeto_rauntimagogn_2025-04-06_02-04-05.xml,c7be5b9090b1605a1a410b603335599574da9b2a6da14809891d63fedf0b84db
straeto_rauntimagogn_2025-04-06_02-04-10.xml,2b03909019adab11ea67d05de031192e1791ef77a6047a2bacdfe0eb32353442
straeto_rauntimagogn_2025-04-06_02-04-16.xml,2559532b615dc9b7373d099316a29502d5fbb7c7794a99716b84f24e0d8fcd12
straeto_rauntimagogn_2025-04-06_02-04-21.xml,2a86558536ffda46b1f2d3a85c4f9385eb3241ef54d9e40eaff03cf11dd796a1
straeto_rauntimagogn_2025-04-06_02-04-26.xml,0b586ff15f95d8ff29c3a2033ea8ebd7064a8c366865bce51938ea8a9faf8ff2
straeto_rauntimagogn_2025-04-06_02-04-31.xml,686abf3d6e1ca1e1e0714722331eceddcf429c303aed36268112b60f5f5dbd8f
straeto_rauntimagogn_2025-04-06_02-04-36.xml,2be79d6bb05836d38b94809e875d429eb4f6edc9874b81fe4b54d34f161af1ec
straeto_rauntimagogn_2025-04-06_02-04-41.xml,23313d956cfe973aa89cbc147e719c32919ff308e0dc264a61b4f9113e44f3df
straeto_rauntimagogn_2025-04-06_02-04-46.xml,2d7f10710845150cdbac4ee4371cd567c3e70ffcc45284b67b155365b5d76cf6
straeto_rauntimagogn_2025-04-06_02-04-51.xml,5bc71687a713caff97a0e7b8c6d26b581e0b8874773d9711c36ff7ae6b65a501
straeto_rauntimagogn_2025-04-06_02-04-56.xml,6fdbe6cde12430208c47a802824365cf7e8e67b739df9de53f5a133862dd47f2
straeto_rauntimagogn_2025-04-06_02-05-01.xml,db7f5f0e8c081875406ebd713306a57ca28fbe9001dd40073be75fee201b372e
straeto_rauntimagogn_2025-04-06_02-05-06.xml,90ff4f2c23b10908e8a3ac43e7a7e05871c3ddb7658d9dab30d3e9f236af98a5
straeto_rauntimagogn_2025-04-06_02-05-12.xml,a927cd52520e1a9c38eb58d304e67adac25bcea8ddfb42e149acd02d377ea74b
straeto_rauntimagogn_2025-04-06_02-05-17.xml,e51a9fce89f284d6002708229c6650c2ab0c23e6b86604e5bc0d88a7ae05ee5d
straeto_rauntimagogn_2025-04-06_02-05-22.xml,27ce1d8e42875608b19b068ae6c5811df64e66756a7c4d0b3f6e46b29c35f863
straeto_rauntimagogn_2025-04-06_02-05-27.xml,e88a10eea2b3bcf3ebccca9e66a60ced3a0143ae6ded4e6742966ced1face227
straeto_rauntimagogn_2025-04-06_02-05-32.xml,7db55e33c6c68d6491dbca34b93b083d405a9576a66d53b27e7775b25498526b
straeto_rauntimagogn_2025-04-06_02-05-37.xml,8fd85a2990654d1c374028f0c9f5386e95e47ed74e8685cd801edd5617dc85e9
straeto_rauntimagogn_2025-04-06_02-05-42.xml,2f4b2fa4fbbc6c934cea5709473b73bae13df9928bfd9a377537ebdb64eccd88
straeto_rauntimagogn_2025-04-06_02-05-47.xml,d1f40083cf72214af85e8425c2891fad50a393d93887f532c40831be351a4759
straeto_rauntimagogn_2025-04-06_02-05-53.xml,b40603a3c799c5b395efc9c892bed65674407c35cec0f4dcd039fa1d1b097178
straeto_rauntimagogn_2025-04-06_02-05-58.xml,c646220b1551b7cb400453bfb79590155b0d63a926ce759790cb78e5d4dc06ee
straeto_rauntimagogn_2025-04-06_02-06-03.xml,ca95480230bd32e494ab59c306392c69aa9a7888edaca77abbdad5824a92246a
straeto_rauntimagogn_2025-04-06_02-06-08.xml,70e7b4d708c833e03ae1d32758e0c9039fb5484727f0c812b1f1e20aa33d0a6a
straeto_rauntimagogn_2025-04-06_02-06-13.xml,9b443c46857e68739bd9a16b9dc250dfe89e95d748637261a5d8fbfb5b1c2cfd
straeto_rauntimagogn_2025-04-06_02-06-18.xml,59777f5edc1a07bfe697dd04f75e1d16769dde4ba4490508975ed62ea1a7499f
straeto_rauntimagogn_2025-04-06_02-06-23.xml,8a2e3068a6597dd8b1d33cc63ef2e8cbe9cad59bbdf47cb89aec9a0d2c973dbb
straeto_rauntimagogn_2025-04-06_02-06-28.xml,40e0e991ed34573d3f172319910a29c74744215698e57e82dd657be666d8dfdf
straeto_rauntimagogn_2025-04-06_02-06-33.xml,f64134aa4444d8efae7f094af4f74c342691bbfd89c53c53003b94bb82b574bd
straeto_rauntimagogn_2025-04-06_02-06-38.xml,c04e197094b10c7905459cf98a5220e5ae48fcac133b508e56b2a9067ffa3600
straeto_rauntimagogn_2025-04-06_02-06-44.xml,85f18df1bb3376d971f17a3a02a26fbda7f3492957a5784d55b0ec28ac605e4d
straeto_rauntimagogn_2025-04-06_02-06-49.xml,229a8449fdb4b738f99772470d51b98b5285353a27cdbb2d583412a2f61438b4
straeto_rauntimagogn_2025-04-06_02-06-54.xml,754cde060750b357f0fdd32d98d80183d55ab16aeff2760ca95a33453721f6cc
straeto_rauntimagogn_2025-04-06_02-06-59.xml,71d707495b19d3e6c26fac9b4d886dbee7f4d56f0aff4a0068a588ae29fc216c
straeto_rauntimagogn_2025-04-06_02-07-04.xml,5f329bbbb94f5cfc859d755a6270784fec690ecbcb0e9bc3722f2af435e42ae4
straeto_rauntimagogn_2025-04-06_02-07-09.xml,02721dba9d8c56a13b25162beea46156c34c72585526e64268af831922124433
straeto_rauntimagogn_2025-04-06_02-07-14.xml,fe09564380effaeef076fe3fbc6c230ed79c2b7f1a4f68c3c309b3b017838e0b
straeto_rauntimagogn_2025-04-06_02-07-19.xml,64cb77946f9c366133e0b66be09948ad972577dcb0379da621a3e41b8d24812a
straeto_rauntimagogn_2025-04-06_02-07-24.xml,b7e197a1f0cb775897308e0384c3439aa38e9873f89d9762ec831936ca26d447
straeto_rauntimagogn_2025-04-06_02-07-29.xml,fc1b2ff4a5ea7cecdba4043f5188f027379a7303c3fe4e0902bce39cbc943dbb
straeto_rauntimagogn_2025-04-06_02-07-34.xml,526062214103ce6426f3390f64a864d01687be99b98f02af09a682ac550440c0
straeto_rauntimagogn_2025-04-06_02-07-40.xml,c7e05dae8cb2e337c0aed9f6e249b253362b1f493857bb01d0993a00e89727c7
straeto_rauntimagogn_2025-04-06_02-07-45.xml,4f48fa108c9b696450593569d170d7892668fa47decc1ac14c57f4a4c6957260
straeto_rauntimagogn_2025-04-06_02-07-50.xml,7124e8c4d19676bac0e9fc92f26ec175d442e26ca0c424c2ca6137a4a45445ab
straeto_rauntimagogn_2025-04-06_02-07-55.xml,107a9e9a4e88444722803d461d42e2eeaf33d2b18eb0f6208d49289fced753ce
straeto_rauntimagogn_2025-04-06_02-08-00.xml,1cec1026b2ea0d66d8972fd6d56d68e8bfc20a09a55f995ec135afb00cf9933b
straeto_rauntimagogn_2025-04-06_02-08-05.xml,bc68dd6b3d5683d344ba44c997ceed1a24d7d77dca104d089a5801c42dc9edaa
straeto_rauntimagogn_2025-04-06_02-08-10.xml,f449cd0ba827ccfddb6d7431993da03fd5ee030b1114cf5530163df4c9a94494
straeto_rauntimagogn_2025-04-06_02-08-15.xml,506fb1d942ed451db648fd19899ab70c1c23b97ef14bf7c89dbbf70290222bae
straeto_rauntimagogn_2025-04-06_02-08-20.xml,d95ad11d8cf10d2bb3824de0271c47b4a90919752943e0fa2bad1187dbc0ec56
straeto_rauntimagogn_2025-04-06_02-08-25.xml,52161de2036302b6f955d20084615c8f970a310d332c37b79a0caf2ccb422293
straeto_rauntimagogn_2025-04-06_02-08-31.xml,3a569cb49e7bd790ef31176846643025298ec0f17b8b5f36b55214a9390f50da
straeto_rauntimagogn_2025-04-06_02-08-36.xml,37f1d68c0978fcae0431adcb1f284f6b9ae25551b3679b1253909da50490cb21
straeto_rauntimagogn_2025-04-06_02-08-41.xml,0bd4e6b567e13523781eef0e5c432e4d6aaf0fadd1f4d7d0931016ad87219e19
straeto_rauntimagogn_2025-04-06_02-08-46.xml,349c3b4eb02fd460735154427980899fa63cc08134bc18016ea2b322978db7b5
straeto_rauntimagogn_2025-04-06_02-08-51.xml,9c7016bf0084e87b7134a512e850772cbd86ea31d0d234a45c7fda1741e4879d
straeto_rauntimagogn_2025-04-06_02-08-56.xml,44fff3541180e58199aa68e85c0529acc8072b7b827f67abd8c2f5827a69ca7e
straeto_rauntimagogn_2025-04-06_02-09-01.xml,2b64518bcae6d0112c355d6e2ee351547d14945b89b8bc70a6c0c05bfe363a0f
straeto_rauntimagogn_2025-04-06_02-09-06.xml,1c54094e54fb300a8c0c072c950944a52d1d0e39010045e2513946de21c0825b
straeto_rauntimagogn_2025-04-06_02-09-11.xml,0c03b6d67d665e38b5c43c7c757e45fc1d24700667beab83e77615de9a1fa2a3
straeto_rauntimagogn_2025-04-06_02-09-16.xml,5bc6e7ecad2ce7dc79b21afc2c35d6c959c5e66c2b4072306f245cd2d61a9aa2
straeto_rauntimagogn_2025-04-06_02-09-22.xml,a18ddc17c8026a359cc713e77b3e80bf2b7afc904038ad4d5683902747bdc67d
straeto_rauntimagogn_2025-04-06_02-09-27.xml,c528835fc0760f9b0f3db000a6619ed1a7fe24072558f2a1cbccb92ca8818ab4
straeto_rauntimagogn_2025-04-06_02-09-32.xml,62068b1ea75669853f11b078cb3f9e3510727ce43d2bf07ad5730102c51669b8
straeto_rauntimagogn_2025-04-06_02-09-37.xml,64340c4e4885a7c4ecec5deb456b3355b582fbc42f8b79232fcc0c516b2635e2
straeto_rauntimagogn_2025-04-06_02-09-42.xml,75061d8d994c9c7b28aaababc61e48308370385d1c867a53b7b0e7ebf5f0b938
straeto_rauntimagogn_2025-04-06_02-09-47.xml,669b64f0b71f255db420d79fdf8f33b5a5ea5cce063f67114c0add0f0f6979bc
straeto_rauntimagogn_2025-04-06_02-09-52.xml,0bb3c39a5c007426787f2ad8edf9ce1ca947958343bde90bcbbfcefb32da0123
straeto_rauntimagogn_2025-04-06_02-09-57.xml,9ca79113420e305914dc767d31653754cce6ee5439d78deaa2d6a63c85eb3bd0
straeto_rauntimagogn_2025-04-06_02-10-02.xml,af0ceca2103c6f006c72f072465381c5a278ee9b6fd39278b3b9cc4388b93d9c
straeto_rauntimagogn_2025-04-06_02-10-07.xml,5af098af5193180ee24eedaf76756dd6cc431fb198360bb629c8fa9a3fd036c2
straeto_rauntimagogn_2025-04-06_02-10-12.xml,ffe4a7e2d61f402946c4d1b2e8973ad8d90ff6083923b48969098ad44de7e2da
straeto_rauntimagogn_2025-04-06_02-10-18.xml,3b8a5b6f4ff89c98ddcc165ca83868f778a2ed4c6e230d03a1e8877ca91e52ea
straeto_rauntimagogn_2025-04-06_02-10-23.xml,4d38b3d08e9510f7202ce172e1bb36333b32153736e281e4bb60711245023592
straeto_rauntimagogn_2025-04-06_02-10-28.xml,0ef22a410a723e041e958c88f553dd105ef75556885bc2b76525a9994b127bba
straeto_rauntimagogn_2025-04-06_02-10-33.xml,040a474bebdc1f698e080840cd0e9b9b30136d4a0f04cbd3a907ce1922b3245d
straeto_rauntimagogn_2025-04-06_02-10-38.xml,df0846695f5f24cdedd0f41b523cc51c68743ef641f09ae3c03886ae6029159b
straeto_rauntimagogn_2025-04-06_02-10-43.xml,715fff1ca03bf695eb16a530c3595aede403fdd58fa69a7ccb073731a64e27f1
straeto_rauntimagogn_2025-04-06_02-10-48.xml,a06a0044c22039b5f4ba4078233884281ebc7a3f2659ff9152f454ccb6617404
straeto_rauntimagogn_2025-04-06_02-10-53.xml,bc21d2ea252940f7f4bd5790c511ecc68c25cc39e8356c4426ea96b69a4e7cde
straeto_rauntimagogn_2025-04-06_02-10-58.xml,93b2767edd98ea875ea4fd120fdac71b57cdb3a8c2bb0319c1a081f4e9b40227
straeto_rauntimagogn_2025-04-06_02-11-04.xml,ed414f88d6bbeb9f293b259493f88a1cf87187d40adcfca202b22bea7f15f26c
straeto_rauntimagogn_2025-04-06_02-11-09.xml,aae8b841c6aec51313f768f9d59ebdcad5c1aa932220250938f7f3e78b21387a
straeto_rauntimagogn_2025-04-06_02-11-14.xml,f904bdac794ee258add929675e4f2c2fb466c857e353c57c6c216e0772df128f
straeto_rauntimagogn_2025-04-06_02-11-19.xml,342883b15f63d1f1b69f5d08795151e38885231133026f81937501f26ca91060
straeto_rauntimagogn_2025-04-06_02-11-24.xml,f3753e89632ce526da06d3ba2b03405f7a9aa6c5df4e34365c406eaa9eb1fc30
straeto_rauntimagogn_2025-04-06_02-11-29.xml,da862a83044b3bf38ecb2143f1a0ac444c13bc56092bcd5dc864240fad63dd7e
straeto_rauntimagogn_2025-04-06_02-11-34.xml,54b1b74e7c883719546028006832ae56519c51aea1e040df2ac2f23dcb003df6
straeto_rauntimagogn_2025-04-06_02-11-39.xml,bf21664224dc6b2dd737dd0c7e7e326d8451c9a670b00b34206a5937988b43cf
straeto_rauntimagogn_2025-04-06_02-11-44.xml,2542af12db309304642febf19a2ec7dcac22ef19fae09fbf84dc53d5516b53a8
straeto_rauntimagogn_2025-04-06_02-11-49.xml,9efe71049dd171003bd20bf43985523d5f2e586807a4bedf7bda0d0dc9d545f3
straeto_rauntimagogn_2025-04-06_02-11-55.xml,7443cf63ff8b5105e688e5b652804726b1a712c58875c26af7c0b069b11e7728
straeto_rauntimagogn_2025-04-06_02-12-00.xml,788fce8807a9412506f0605a86b1c92b678722abfab9c03a43a03bc76dad0766
straeto_rauntimagogn_2025-04-06_02-12-05.xml,ea8be1991cdbb2a1676effc58ee3a1586d23ee8c39a88f5e5ff0a9ddef9595a4
straeto_rauntimagogn_2025-04-06_02-12-10.xml,5f8f121e70cd4481016260c39b04eb75a88ab6fd2867094a9ebd3c0a9520885d
straeto_rauntimagogn_2025-04-06_02-12-15.xml,388c71ac34ad6b9a4da5295f5074f20d0ca25c6ec5447608e65addc39c4f30b2
straeto_rauntimagogn_2025-04-06_02-12-20.xml,ba594ad49681ff92caa8f0b44e4227eef2f343c0cbcb4719607ab881102a3d1f
straeto_rauntimagogn_2025-04-06_02-12-25.xml,ac6effa09155c4dc4c4f6eedcf615a3ba6f7600e8b6fc347e35ea58af9b5750b
straeto_rauntimagogn_2025-04-06_02-12-30.xml,571cd29c0947ee82bd2ff3b9f446432aa595783845e8065cfe32fbaa16bd6eee
straeto_rauntimagogn_2025-04-06_02-12-35.xml,58978daa603eda5b34fdd0a71f21ebbfe590b0debd74186a818fb120befd40bc
straeto_rauntimagogn_2025-04-06_02-12-40.xml,24a4f7a1c8c4e66406548439636a9ba34d38c2d9ccc5cf3626205c9d5d203834
straeto_rauntimagogn_2025-04-06_02-12-45.xml,7b7cf483f21096dbda966ecdbbff63887f07887f44aa9f9b52a6fd957c478eac
straeto_rauntimagogn_2025-04-06_02-12-51.xml,b01e592f30c4e4f8f0e5bfd18013042accfd3494cf8f706511f034ccdbe7f7c2
straeto_rauntimagogn_2025-04-06_02-12-56.xml,606db37e19ab2cd057ac7e510da1ac55717ef67ea969085aea587959a9bff39f
straeto_rauntimagogn_2025-04-06_02-13-01.xml,06b57da8e460fc4b1fd5ca54338e5cc8a20c1a6c74a52688cb6c564d89dbeba1
straeto_rauntimagogn_2025-04-06_02-13-06.xml,779786c61627d9bad6e4acda394aefc0b2904a6fe7d36b0acfade2e250c0786e
straeto_rauntimagogn_2025-04-06_02-13-11.xml,803d15434d0134fafbfa650787f3fd330ac7a9ce775fd23ff701a5f94091f2e9
straeto_rauntimagogn_2025-04-06_02-13-16.xml,172a3fd1a0f2e6871f0a9798cd4f13794a67267336c9b08c9f796a5c72e1f823
straeto_rauntimagogn_2025-04-06_02-13-21.xml,a7090588503e189b333660cf9478cd95cfb128c86d6e8aeee7d34eba4bbafb42
straeto_rauntimagogn_2025-04-06_02-13-26.xml,9d9ebdd86f7637369d36aad0ad3dbd5873fbb5bab4b0ae0752af14f9c8678890
straeto_rauntimagogn_2025-04-06_02-13-31.xml,135b9ede9fc3c86e5bb91ab65fef2ec09964b8c679bc540cc50ef339c29b3d2c
straeto_rauntimagogn_2025-04-06_02-13-36.xml,33dfa70ede9e6c03e074f0311f4fc3e81586fbe8d4631d2353ffd3651866477d
straeto_rauntimagogn_2025-04-06_02-13-42.xml,47e2676908374b8436b22d2b848ea91e6608041ac2e9a2e17344c49800c0309e
straeto_rauntimagogn_2025-04-06_02-13-47.xml,c30e4bc9c45f68086cb3759555ba46d255812b08867dcf233f85f84c2ff494b8
straeto_rauntimagogn_2025-04-06_02-13-52.xml,c538591ee6a9763462d25e01d3dd74cdf93756f56f598fb47b49fd0153b3d54d
straeto_rauntimagogn_2025-04-06_02-13-57.xml,72df8c3989fc01f60a05c1aac1de10e208cff2aa653ed0d5b0c4c35d586c7b3e
straeto_rauntimagogn_2025-04-06_02-14-02.xml,a70d1976869f6c95c76fd37032d3222e8c3d110a3371c9e8441cb8a554348a2f
straeto_rauntimagogn_2025-04-06_02-14-07.xml,60ef5b877ba7dfbba2f301dcdd3ea10d6aec65e6b5a5ef9c3d0695066e2ddf20
straeto_rauntimagogn_2025-04-06_02-14-12.xml,070725e3d595e7d6bf96f9573a44e79859965985f4decb58deced0109964f554
straeto_rauntimagogn_2025-04-06_02-14-17.xml,d0820d96bcf3e8299bd1fb6df7220a8421206f34eb456c38894843e3b5a27ba7
straeto_rauntimagogn_2025-04-06_02-14-22.xml,285ad20764249cbc0d2d0a5775aaf31d23803e3c135088a8a134edf52c3e1098
straeto_rauntimagogn_2025-04-06_02-14-27.xml,f4e7b3cfe6e9447b62c0b21e00ad9f8b8fb9b94473781af1932feadc0e438bd3
straeto_rauntimagogn_2025-04-06_02-14-33.xml,d9303f51d5840a4b5fd9be9702f0fb0d14b577dff709b0cea0d2c67b9eca99ce
straeto_rauntimagogn_2025-04-06_02-14-38.xml,547b63dcd5d94629fc09cee396dd6140f7bcfc348a5fae51893bbd6173622031
straeto_rauntimagogn_2025-04-06_02-14-43.xml,6851459e0beef054a7283f32cf6580f5cd9f9c2d4b1681b80cf51724b8552c7a
straeto_rauntimagogn_2025-04-06_02-14-48.xml,ddb6fb6272f2595dadb86379dc15654a97b679c2a6d6bb1f93f329aeeeccb9de
straeto_rauntimagogn_2025-04-06_02-14-53.xml,39dbb3ff526e5bff1c784aedd878b9fa5d612038967738468a5dca7510822048
straeto_rauntimagogn_2025-04-06_02-14-58.xml,b3458d4f90893402c465cd13034f79b144fd18b09104072ca4e57c6ef6fafa9d
straeto_rauntimagogn_2025-04-06_02-15-03.xml,410c3856ac48b9f815a265c32e7bb016d2cc9f3e97b0847208ba2b11492f35cb
straeto_rauntimagogn_2025-04-06_02-15-08.xml,6d08f8b282c651585ed85b810e368e22eb30f324098665483f47b3e2028e545b
straeto_rauntimagogn_2025-04-06_02-15-13.xml,43a280e3350fc4bee7170279a5856169034f99e55d1fc746dd3318f6990bf2dd
straeto_rauntimagogn_2025-04-06_02-15-18.xml,0c8c506e3f21a5a97ec49d2728859e849161da4de2fcc9c88afb5745b52b20a6
straeto_rauntimagogn_2025-04-06_02-15-23.xml,9b8f868b09422af51d4459c2532e585525a7a24ee7d160ef4e6aa0a56cc61b77
straeto_rauntimagogn_2025-04-06_02-15-29.xml,ae6da10770b8699efc5af6aef8933dcff47a42a65830e77c71da75961cbbbf67
straeto_rauntimagogn_2025-04-06_02-15-34.xml,58a7387e0a80b3c5273e916c42c46dcf7c90bbe14c5a1a22d409837279f8834f
straeto_rauntimagogn_2025-04-06_02-15-39.xml,49715fbf2b56869f26d580d12080bab8fe3eec50c5eec0314eb820d61aebc285
straeto_rauntimagogn_2025-04-06_02-15-44.xml,bf4d3f1d996081dce4d483f42e8b3ed6268865ed247cb5c5b5fc353db7d2bbd9
straeto_rauntimagogn_2025-04-06_02-15-49.xml,0d4004dae08bbdb4d230765b1a3bba35d604bc20acd069b528fbd22b421e18ae
straeto_rauntimagogn_2025-04-06_02-15-55.xml,85e115cd99f017185b0ea7ff21d74c9a300b6ee265ea348e249ff31ec75ce315
straeto_rauntimagogn_2025-04-06_02-16-00.xml,3520d270af9181260497e1d1ca74c3a1cbeb98ce0a267d23942c7fec65afcea5
straeto_rauntimagogn_2025-04-06_02-16-05.xml,1dfe274d06072a038cf2dd37a61611d615ae37639c91d2f915024961707d3107
straeto_rauntimagogn_2025-04-06_02-16-10.xml,4ff846f528f010625fad113d84e028466812803238d1e069cb3abbb4e42c9a95
straeto_rauntimagogn_2025-04-06_02-16-16.xml,2c7b0bbb1abfbebc97305e103466327e531e90ff30cf7cc9fabe62921c6c2935
straeto_rauntimagogn_2025-04-06_02-16-21.xml,c1e5cb5d6750cfbfd176a9c5e95552ca27c022168e1fb0f12ece5ed18d63607a
straeto_rauntimagogn_2025-04-06_02-16-26.xml,84aac9e03686914c5c541207bb1f0c55211375851dec6811b59d3ba936d2dbbd
straeto_rauntimagogn_2025-04-06_02-16-31.xml,3518b8c3339988628c848c212e237a9670106f19db75d697838f99368abe1a93
straeto_rauntimagogn_2025-04-06_02-16-36.xml,7e1b91be638230f7022b5c41b1842896fd2e6812bc4732a0c164ad9851e6f1ad
straeto_rauntimagogn_2025-04-06_02-16-41.xml,c729af69a1084d509e41de6d54bfdaa0a58f0b4692576c1caac3f46978f915d6
straeto_rauntimagogn_2025-04-06_02-16-46.xml,60c4159661ba2750e8e6cf33effb6df4604fa98847b3f67b0c343ec50a77526c
straeto_rauntimagogn_2025-04-06_02-16-51.xml,75ff63c8ac934457cc1a4589e83abe58ebe59f3ad433bacd6281b349d39121cf
straeto_rauntimagogn_2025-04-06_02-16-56.xml,ff8e04515676ee9a94d88ce4f06d919c74072ae2c082a501f5edc13ae42ce449
straeto_rauntimagogn_2025-04-06_02-17-01.xml,78c54fe594337857e8774db4afb5fcef7fc7e3aa0bfa2a68c86d7cf1612bb44a
straeto_rauntimagogn_2025-04-06_02-17-07.xml,a2516d3ba506a9dee161d8532f6e7d1a774ae09338b71eddacb9f517415d4e69
straeto_rauntimagogn_2025-04-06_02-17-12.xml,71e63c34edcaa644d833a6412ac48097a243f53b55b134576c8492c71d11b9a6
straeto_rauntimagogn_2025-04-06_02-17-17.xml,485facea33877b3f650b4671e089a9b1afe5f61cc8cfeb7eca9ed74436ab633a
straeto_rauntimagogn_2025-04-06_02-17-22.xml,2d4dc65bb657444f8ca60859b45c901662475201435a7d7807029699bb4d6320
straeto_rauntimagogn_2025-04-06_02-17-27.xml,131be5649f4e2fbfdc770cc723aa0cb2a941e6d297abdfb9286dcde789fea219
straeto_rauntimagogn_2025-04-06_02-17-32.xml,3ca610e59c273e37620cf6d1e096f9762687c0f6d0d64f68349d84b20b2bee6c
straeto_rauntimagogn_2025-04-06_02-17-37.xml,3d74934d45930b4060f15c071a2434425f14b53227ca5209f57c0533384425a0
straeto_rauntimagogn_2025-04-06_02-17-42.xml,e7c3943a01b05081f98d400cae14e6afd3272c84170b10a0514debd80e034ee8
straeto_rauntimagogn_2025-04-06_02-17-47.xml,a34710d590caa8799445062053583717649259719f41f8770f97fe20355d6932
straeto_rauntimagogn_2025-04-06_02-17-52.xml,a5b290a2546cdd068ce2beaaceeebf56e6740a504049710b9a8c152087ab5288
straeto_rauntimagogn_2025-04-06_02-17-58.xml,81f1225d1e7cdd3541d27a2c983b32686a6085f611419dcdd10af33bad7674ac
straeto_rauntimagogn_2025-04-06_02-18-03.xml,16bde8af0e879805894ca7b94200c88b2432feeb8e3e11870587b07ed7756366
straeto_rauntimagogn_2025-04-06_02-18-08.xml,889efcea8603dd058f9eecf34712ae4bd567f1243f43f98d497fa026e02360f3
straeto_rauntimagogn_2025-04-06_02-18-13.xml,5e32ad7ce2284eaaacd4035715460ca8b78a619f83759031e8f9d25f27bef8a8
straeto_rauntimagogn_2025-04-06_02-18-18.xml,c05d8e6b6f4d146672b1460a8dc32d12fcbf0da6e82f3549e9abb3ddb630a9b3
straeto_rauntimagogn_2025-04-06_02-18-23.xml,edd7876932d424b1a58c35d5a9c546c64a20b750b255d95ab336d813d0c18074
straeto_rauntimagogn_2025-04-06_02-18-28.xml,ce1cca8456f20f835e676ea0d5f2949e89a3d90c4e0707019e04bbd9ba3ee109
straeto_rauntimagogn_2025-04-06_02-18-33.xml,6c237e32eb3318706cba7514d9c8af8fd857786477baf88a720fe89cecc49fb8
straeto_rauntimagogn_2025-04-06_02-18-38.xml,1547cb8c9f30d62df8ec7107d78911afb3dc8bf2fe59a7bea5111f8e61745f52
straeto_rauntimagogn_2025-04-06_02-18-43.xml,2b92cd69d183758c59cadc689c9891e56627cb1dc996d133fca317181a8cd1ea
straeto_rauntimagogn_2025-04-06_02-18-49.xml,47f17ab7b94506a92cf18eb97a8328c02c4610b4a98ed50666c3bdb01ac64b5c
straeto_rauntimagogn_2025-04-06_02-18-54.xml,b957642735ddf3798b221a024a741f422a2fb66285efe06f4342277ab32e94ee
straeto_rauntimagogn_2025-04-06_02-18-59.xml,fa4863ce74f84cfc68300c5465bd19e4df42778a43a4c88f517a5d5ff469ba04
straeto_rauntimagogn_2025-04-06_02-19-04.xml,68dbe80f1e783b4e20a35e24f093b451c2dc6138d2a64c1ed55f9a965903fb9d
straeto_rauntimagogn_2025-04-06_02-19-09.xml,d6ecef260b79933a3ff4c66ef7f61d3ba8f85e63964ce01a15071374edad24f2
straeto_rauntimagogn_2025-04-06_02-19-14.xml,f4c9fcfc582f65e9ca9043fa738b8a3a4b10f34bb2b41fe55dd304f3c56e3beb
straeto_rauntimagogn_2025-04-06_02-19-19.xml,6e9fdbd961a0ce4ba59e74d6aa17d48c3c76a8ac3de5465ba281255211b23318
straeto_rauntimagogn_2025-04-06_02-19-24.xml,bdbc18232fbda6ee6cadb2339d990348317101f3123b19e935f40426ac235a08
straeto_rauntimagogn_2025-04-06_02-19-29.xml,ce1e68e56ccf4729aaa675e86e34e6565fbe5c2a421d7ca606ccb19976f2fd2e
straeto_rauntimagogn_2025-04-06_02-19-34.xml,dfbd9ae33597c934677bfef5144fa4326f2707101f90f351b6785bf0888a29cd
straeto_rauntimagogn_2025-04-06_02-19-39.xml,116e88a03947a6270faf58f45313547b1cd251e0bfb5ba70903a6c9227956e3b
straeto_rauntimagogn_2025-04-06_02-19-45.xml,a6c7c2f40b2e50c9e1d839eb0f9fcc02d14d758c5a6499a699fe8d68d371abfa
straeto_rauntimagogn_2025-04-06_02-19-50.xml,275c577404b1968c8ef02a867930b743c0e9c0a2e2655b6089cef87855049003
straeto_rauntimagogn_2025-04-06_02-19-55.xml,ddbac5f5879b2b646662e511943b49372d3aff49d1bf5ad7b127ce793d11bfa1
straeto_rauntimagogn_2025-04-06_02-20-00.xml,e688e35570aa3c8819c70b488e8dcf372ecdd84c707457ea4b87dfb2301c7b1a
straeto_rauntimagogn_2025-04-06_02-20-05.xml,e06f9ff7ac62734fb3485347e69280327a212acab4664de60d342080ad902e5c
straeto_rauntimagogn_2025-04-06_02-20-10.xml,218ccf62fce782f40c866c95f650f28a91b27d4f94bb1dce620e5463cdc39609
straeto_rauntimagogn_2025-04-06_02-20-15.xml,0dccf52252a00084ff310edbd014edc2064eb474d4f2dd3d267b78f8410e9e4b
straeto_rauntimagogn_2025-04-06_02-20-20.xml,6ddd56c139575675d9049193440232ef27fc1adcd65624c8fe04082d1d1e3dfa
straeto_rauntimagogn_2025-04-06_02-20-25.xml,b4b2a4a02d15f14fa960366d9ea7b27ca95b5f3c4d8acbab3b9314015d6131c7
straeto_rauntimagogn_2025-04-06_02-20-30.xml,d0b1e667c03924b39280271250fe4f2a4376b03ff0016caddf90b79233894415
straeto_rauntimagogn_2025-04-06_02-20-36.xml,bc8d72738e937f3160ddc649b1bb39e5ee4012da2d7082390489c9093642e611
straeto_rauntimagogn_2025-04-06_02-20-41.xml,005518f572616b83b9cfe5f06b068a01786ad8552e0cc787815c0d5480d2963d
straeto_rauntimagogn_2025-04-06_02-20-46.xml,c3a1f8b2d73344a6b934eed908bf9ea280432fa2ed148305d02ee846a971355d
straeto_rauntimagogn_2025-04-06_02-20-51.xml,0ae6695be5759ce8052353c6c7e9dba6c7ee21254a14528cc89380c0c6ae9797
straeto_rauntimagogn_2025-04-06_02-20-56.xml,1744632d94134160bf9c1291ef2c2e7711927200ad99b582b2bfcafd445d7399
straeto_rauntimagogn_2025-04-06_02-21-01.xml,84dfc312abcea3e92e27fe166677b6b48e4c43b289e7b6b71d03c415e73dcd27
straeto_rauntimagogn_2025-04-06_02-21-06.xml,0068fcc252b630e4e17c3322531cfd72a77595b14ff1e98e9b7cce6471d70953
straeto_rauntimagogn_2025-04-06_02-21-11.xml,3704082a2f23f998acc70b0367ffb846e631cae3eb40775c665bdeaf435de0b9
straeto_rauntimagogn_2025-04-06_02-21-16.xml,90c8dbaf110309b7a0d2bec5689311e8ce958289c55c8938520dbf53e210e132
